Name,avg_density,type
ABSINTHE,0.89,IngredientGroup.ALCOHOL
ACCENT,811.54,IngredientGroup.SEASONING
ACCENT_SEASONING,812.54,IngredientGroup.SEASONING
ACCOMPANIMENT,,
ACHIOTE,1460.77,IngredientGroup.SEASONING
ACORN_SQUASH,718.55,IngredientGroup.VEGETABLES
ACTIVE_DRY_YEAST,811.54,IngredientGroup.BAKING
ACTIVE_YEAST,811.54,IngredientGroup.BAKING
ADOBO,973.84,IngredientGroup.SEASONING
ADOBO_SAUCE,973.84,IngredientGroup.SEASONING
ADOBO_SEASONING,973.84,IngredientGroup.SEASONING
AGAVE,,
AGAVE_NECTAR,,
AGAVE_SYRUP,,
AGED_BALSAMIC_VINEGAR,,
AGED_CHEDDAR,,
AHI,,
AIOLI,,
AJWAIN,,
ALBACORE,,
ALBACORE_TUNA,,
ALCOHOL,,
ALE,,
ALEPPO_PEPPER,,
ALFALFA,,
ALFALFA_SPROUTS,,
ALFREDO_SAUCE,,
ALL_NATURAL,,
ALLPURPOSE_FLOUR,,
ALLSPICE,,
ALLSPICE_BERRIES,,
ALMOND,,
ALMOND_BUTTER,,
ALMOND_EXTRACT,,
ALMOND_FILLING,,
ALMOND_FLOUR,,
ALMOND_LIQUEUR,,
ALMOND_MEAL,,
ALMOND_MILK,,
ALMOND_PASTE,,
ALMONDS,,
AMARANTH,,
AMARETTI,,
AMARETTO,,
AMARETTO_LIQUEUR,,
AMBER,,
AMCHUR,,
AMERICAN,,
AMERICAN_CHEESE,,
ANAHEIM_CHILE,,
ANCHO,,
ANCHOVIES,,
ANCHOVY,,
ANCHOVY_FILLETS,,
ANCHOVY_PASTE,,
ANDOUILLE_SAUSAGE,,
ANGEL_FOOD_CAKE,,
ANGEL_FOOD_CAKE_MIX,,
ANGEL_HAIR,,
ANGOSTURA_BITTERS,,
ANISE,,
ANISE_EXTRACT,,
ANISE_SEED,,
ANISEED,,
ANISETTE,,
ANJOU_PEARS,,
ANNATTO,,
ANY,,
APPLE,,
APPLE_BRANDY,,
APPLE_BUTTER,,
APPLE_CIDER,,
APPLE_CIDER_VINEGAR,,
APPLE_JELLY,,
APPLE_JUICE,,
APPLE_JUICE_CONCENTRATE,,
APPLE_PIE_FILLING,,
APPLE_PIE_SPICE,,
APPLES,,
APPLESAUCE,,
APPLEWOOD_SMOKED_BACON,,
APRICOT,,
APRICOT_BRANDY,,
APRICOT_HALVES,,
APRICOT_JAM,,
APRICOT_NECTAR,,
APRICOT_PRESERVES,,
APRICOTS,,
AQUAVIT,,
ARBOL_CHILE,,
ARBORIO_RICE,,
ARMAGNAC,,
ARROW_ROOT,,
ARROWROOT,,
ARROWROOT_POWDER,,
ARTICHOKE_HEARTS,,
ARTICHOKES,,
ARTIFICIAL,,
ARTIFICIAL_SWEETENER,,
ARUGULA,,
ASADERO,,
ASAFETIDA,,
ASAFETIDA_POWDER,,
ASAFOETIDA,,
ASAFOETIDA_POWDER,,
ASIAGO,,
ASIAGO_CHEESE,,
ASIAN,,
ASIAN_CHILI_SAUCE,,
ASIAN_FISH_SAUCE,,
ASIAN_PEAR,,
ASPARAGUS,,
ASPARAGUS_SPEARS,,
ASPARAGUS_TIPS,,
AUBERGINE,,
AVOCADO,,
AVOCADO_OIL,,
AVOCADOS,,
BABY_ARTICHOKES,,
BABY_ARUGULA,,
BABY_BACK_RIBS,,
BABY_BEETS,,
BABY_BOK_CHOY,,
BABY_CARROTS,,
BABY_CORN,,
BABY_GREENS,,
BABY_LIMA_BEANS,,
BABY_POTATOES,,
BABY_SPINACH,,
BABY_SPINACH_LEAVES,,
BACARDI,,
BACK_RIBS,,
BACON,,
BACON_BITS,,
BACON_DRIPPINGS,,
BACON_FAT,,
BACON_GREASE,,
BACON_SLICES,,
BAGEL,,
BAGELS,,
BAGUETTE,,
BAKED_BEANS,,
BAKED_CORN_TORTILLA_CHIPS,,
BAKED_HAM,,
BAKERS,,
BAKING_APPLES,,
BAKING_CHOCOLATE,,
BAKING_MIX,,
BAKING_POTATOES,,
BAKING_POWDER,,
BAKING_SODA,,
BAKING_SPRAY,,
BALSAMIC_VINAIGRETTE,,
BALSAMIC_VINEGAR,,
BAMBOO_SHOOTS,,
BANANA,,
BANANA_EXTRACT,,
BANANA_LEAVES,,
BANANA_LIQUEUR,,
BANANA_PEPPERS,,
BANANA_PUDDING,,
BANANAS,,
BARBECUE_RUB,,
BARBECUE_SAUCE,,
BARILLA,,
BARLEY,,
BARLEY_MALT,,
BARTLETT_PEARS,,
BASE,,
BASIL,,
BASIL_LEAF,,
BASIL_LEAVES,,
BASMATI,,
BASMATI_RICE,,
BASS,,
BASS_FILLETS,,
BATTER,,
BAY,,
BAY_LEAF,,
BAY_LEAVES,,
BAY_SCALLOPS,,
BBQ_SAUCE,,
BEAN_DIP,,
BEAN_FLOUR,,
BEAN_PASTE,,
BEAN_SAUCE,,
BEAN_SPROUTS,,
BEANS,,
BEANSPROUTS,,
BEATEN_EGGS,,
BECHAMEL,,
BEEF,,
BEEF_BASE,,
BEEF_BOUILLON,,
BEEF_BOUILLON_GRANULES,,
BEEF_BRISKET,,
BEEF_BROTH,,
BEEF_CONSOMME,,
BEEF_FAT,,
BEEF_GRAVY,,
BEEF_LIVER,,
BEEF_RIB_ROAST,,
BEEF_ROAST,,
BEEF_ROUND,,
BEEF_RUMP,,
BEEF_SAUSAGE,,
BEEF_SHANK,,
BEEF_SHOULDER,,
BEEF_SIRLOIN,,
BEEF_STEAK,,
BEEF_STEW,,
BEEF_STEW_MEAT,,
BEEF_STOCK,,
BEEF_STOCK_CUBES,,
BEEF_TENDERLOIN,,
BEEF_TENDERLOIN_STEAKS,,
BEEFSTEAK_TOMATOES,,
BEER,,
BEET,,
BEET_GREENS,,
BEET_SUGAR,,
BEETROOT,,
BEETS,,
BELGIAN_ENDIVE,,
BELL_PEPPER,,
BELL_PEPPERS,,
BERRIES,,
BERRY,,
BIBB_LETTUCE,,
BICARBONATE,,
BICARBONATE_OF_SODA,,
BING_CHERRIES,,
BIRD_CHILE,,
BISCUIT_BAKING_MIX,,
BISCUIT_DOUGH,,
BISCUIT_MIX,,
BISCUITS,,
BISQUICK,,
BISQUICK_BAKING_MIX,,
BITTERS,,
BITTERSWEET_CHOCOLATE,,
BITTERSWEET_CHOCOLATE_CHIPS,,
BLACK,,
BLACK_BASS,,
BLACK_BEAN_SAUCE,,
BLACK_BEANS,,
BLACK_CARDAMOM_PODS,,
BLACK_FOREST_HAM,,
BLACK_MISSION_FIGS,,
BLACK_MUSHROOMS,,
BLACK_MUSTARD_SEEDS,,
BLACK_OLIVES,,
BLACK_PEPPER,,
BLACK_PEPPER_GROUND,,
BLACK_PEPPERCORNS,,
BLACK_RICE,,
BLACK_SESAME_SEED,,
BLACK_SESAME_SEEDS,,
BLACK_TEA,,
BLACK_TRUFFLE_OIL,,
BLACK_VINEGAR,,
BLACKBERRIES,,
BLACKBERRY,,
BLACKBERRY_JAM,,
BLANCHED,,
BLANCHED_ALMOND_FLOUR,,
BLANCHED_ALMONDS,,
BLANCHED_HAZELNUTS,,
BLEACHED,,
BLEND,,
BLOOD,,
BLOOD_ORANGE,,
BLOOD_ORANGE_JUICE,,
BLUE,,
BLUE_CHEESE,,
BLUE_CHEESE_DRESSING,,
BLUE_CRABS,,
BLUEBERRIES,,
BLUEBERRY,,
BLUEBERRY_JAM,,
BLUEBERRY_PIE_FILLING,,
BOCCONCINI,,
BOILED_EGGS,,
BOILED_HAM,,
BOILING_POTATOES,,
BOILING_WATER,,
BOK_CHOY,,
BOLILLO,,
BOLOGNA,,
BONE_IN,,
BONELESS,,
BONELESS_BEEF_CHUCK_ROAST,,
BONELESS_BEEF_ROUND_STEAK,,
BONELESS_BEEF_SIRLOIN_STEAK,,
BONELESS_CHICKEN,,
BONELESS_CHICKEN_BREAST,,
BONELESS_CHICKEN_BREAST_HALVES,,
BONELESS_CHICKEN_SKINLESS_THIGH,,
BONELESS_CHICKEN_THIGHS,,
BONELESS_CHUCK_ROAST,,
BONELESS_LAMB,,
BONELESS_PORK,,
BONELESS_PORK_LOIN,,
BONELESS_PORK_SHOULDER,,
BONELESS_SIRLOIN,,
BONELESS_SKINLESS_CHICKEN,,
BONELESS_SKINLESS_CHICKEN_BREAST_HALVES,,
BONELESS_SKINLESS_CHICKEN_BREASTS,,
BONELESS_SKINLESS_CHICKEN_THIGHS,,
BONITO,,
BONITO_FLAKES,,
BORLOTTI,,
BOSC_PEARS,,
BOSTON_BUTT,,
BOSTON_LETTUCE,,
BOTTLE,,
BOTTLED_CLAM_JUICE,,
BOTTOM_ROUND,,
BOUILLON,,
BOUILLON_GRANULES,,
BOUILLON_POWDER,,
BOUQUET,,
BOUQUET_GARNI,,
BOURBON,,
BOURBON_WHISKEY,,
BOURSIN,,
BOWTIE_PASTA,,
BOYSENBERRIES,,
BRAGGS_LIQUID_AMINOS,,
BRAN,,
BRAN_FLAKES,,
BRANDY,,
BRAZIL,,
BRAZIL_NUTS,,
BREAD,,
BREAD_AND_BUTTER_PICKLES,,
BREAD_CRUMB_FRESH,,
BREAD_CRUMBS,,
BREAD_DOUGH,,
BREAD_FLOUR,,
BREAD_MACHINE_YEAST,,
BREAD_MIX,,
BREAD_ROLLS,,
BREAD_SLICES,,
BREADCRUMBS,,
BREADSTICK,,
BREAKFAST_SAUSAGE_LINKS,,
BREAST,,
BRESAOLA,,
BREWED_COFFEE,,
BREWED_ESPRESSO,,
BRIE_CHEESE,,
BRINE,,
BRIOCHE,,
BRIOCHE_BREAD,,
BRISKET,,
BROAD_BEANS,,
BROCCOLI,,
BROCCOLI_FLORETS,,
BROCCOLI_RABE,,
BROCCOLI_STEMS,,
BROCCOLINI,,
BROILER,,
BROTH,,
BROWN,,
BROWN_BASMATI_RICE,,
BROWN_CARDAMOM,,
BROWN_GRAVY,,
BROWN_GRAVY_MIX,,
BROWN_LENTILS,,
BROWN_MUSTARD,,
BROWN_MUSTARD_SEEDS,,
BROWN_RICE,,
BROWN_RICE_FLOUR,,
BROWN_SUGAR,,
BROWNIE,,
BROWNIES,,
BROWNING,,
BRUSSELS_SPROUTS,,
BUCATINI,,
BUCKWHEAT,,
BUCKWHEAT_FLOUR,,
BUCKWHEAT_GROATS,,
BUDWEISER,,
BUFFALO,,
BUFFALO_MOZZARELLA,,
BULB,,
BULB_FENNEL,,
BULGAR_WHEAT,,
BULGUR,,
BULGUR_WHEAT,,
BUNS,,
BURDOCK,,
BURGER_BUNS,,
BURGERS,,
BURGUNDY,,
BURGUNDY_WINE,,
BURRATA,,
BUTTER,,
BUTTER_BEANS,,
BUTTER_COOKING_SPRAY,,
BUTTER_FLAVOR,,
BUTTER_FLAVOR_SHORTENING,,
BUTTER_LETTUCE,,
BUTTER_OIL,,
BUTTER_SALT,,
BUTTERCREAM_FROSTING,,
BUTTERFINGER,,
BUTTERMILK,,
BUTTERMILK_BISCUITS,,
BUTTERNUT,,
BUTTERNUT_SQUASH,,
BUTTERSCOTCH,,
BUTTERSCOTCH_CHIPS,,
BUTTON_MUSHROOMS,,
CABBAGE,,
CABBAGE_LEAVES,,
CABERNET,,
CABERNET_SAUVIGNON,,
CACAO_POWDER,,
CACHACA,,
CACTUS,,
CAESAR_SALAD_DRESSING,,
CAJUN_SEASONING,,
CAKE,,
CAKE_FLOUR,,
CAKE_MIX,,
CAKE_YEAST,,
CAKES,,
CALAMARI,,
CALAMATA_OLIVES,,
CALORIES,,
CALVADOS,,
CAMEMBERT,,
CAMPANELLE,,
CAMPARI,,
CANADIAN_BACON,,
CANDIED_CHERRIES,,
CANDIED_FRUIT,,
CANDIED_GINGER,,
CANDIED_ORANGE_PEEL,,
CANDIED_PEEL,,
CANDIED_PINEAPPLE,,
CANDY,,
CANDY_BAR,,
CANDY_CANES,,
CANDY_SPRINKLES,,
CANE_SUGAR,,
CANE_SYRUP,,
CANELA,,
CANNED_BEEF_BROTH,,
CANNED_BLACK_BEANS,,
CANNED_CHICKEN,,
CANNED_CHICKEN_BROTH,,
CANNED_COCONUT_MILK,,
CANNED_CORN,,
CANNED_SALMON,,
CANNED_TOMATOES,,
CANNED_TUNA,,
CANNELLINI,,
CANNELLINI_BEANS,,
CANOLA,,
CANOLA_MAYONNAISE,,
CANOLA_OIL,,
CANTALOUPE,,
CAPELLINI,,
CAPERS,,
CAPSICUM,,
CARAMEL,,
CARAMEL_ICE_CREAM,,
CARAMEL_ICE_CREAM_TOPPING,,
CARAMEL_SAUCE,,
CARAMEL_SYRUP,,
CARAMEL_TOPPING,,
CARAMELS,,
CARAWAY,,
CARAWAY_SEED,,
CARAWAY_SEEDS,,
CARBONATED,,
CARBONATED_WATER,,
CARCASS,,
CARDAMOM,,
CARDAMOM_PODS,,
CARDAMOM_SEED,,
CARDAMOM_SEEDS,,
CARNAROLI_RICE,,
CARNATION,,
CAROB,,
CAROB_POWDER,,
CARROT,,
CARROT_STICKS,,
CARROTS,,
CASHEW,,
CASHEW_NUTS,,
CASHEWS,,
CASINGS,,
CASSAVA,,
CASSIS,,
CASTER,,
CASTER_SUGAR,,
CATALINA_DRESSING,,
CATFISH,,
CATFISH_FILLETS,,
CATSUP,,
CAULIFLOWER,,
CAULIFLOWER_FLORETS,,
CAVATAPPI,,
CAVIAR,,
CAYENNE,,
CAYENNE_PEPPER,,
CAYENNE_PEPPER_SAUCE,,
CELERY,,
CELERY_FLAKES,,
CELERY_HEART,,
CELERY_HEARTS,,
CELERY_LEAVES,,
CELERY_RIBS,,
CELERY_ROOT,,
CELERY_SALT,,
CELERY_SEED,,
CELERY_SEEDS,,
CELTIC_SEA_SALT,,
CENTER_CUT_BACON,,
CEREAL,,
CEREAL_FLAKES,,
CHAAT_MASALA,,
CHABLIS,,
CHAI,,
CHAI_TEA,,
CHAMBORD,,
CHAMPAGNE,,
CHAMPAGNE_VINEGAR,,
CHANTERELLE,,
CHAR,,
CHAR_SIU,,
CHARD,,
CHARDONNAY,,
CHAYOTES,,
CHEDDAR,,
CHEDDAR_CHEESE,,
CHEDDAR_CHEESE_BLEND,,
CHEDDAR_CHEESE_SOUP,,
CHEESE,,
CHEESE_BLEND,,
CHEESE_CUBES,,
CHEESE_DIP,,
CHEESE_RAVIOLI,,
CHEESE_SAUCE,,
CHEESE_SLICES,,
CHEESE_SOUP,,
CHEESE_SPREAD,,
CHEESE_TORTELLINI,,
CHEESES,,
CHERRIES,,
CHERRY,,
CHERRY_BRANDY,,
CHERRY_GELATIN,,
CHERRY_JUICE,,
CHERRY_PEPPERS,,
CHERRY_PIE_FILLING,,
CHERRY_PRESERVES,,
CHERRY_TOMATOES,,
CHERVIL,,
CHESTNUT,,
CHESTNUT_MUSHROOMS,,
CHESTNUTS,,
CHIA_SEEDS,,
CHIANTI,,
CHICK_PEAS,,
CHICKEN,,
CHICKEN_BASE,,
CHICKEN_BOUILLON,,
CHICKEN_BOUILLON_GRANULES,,
CHICKEN_BREAST,,
CHICKEN_BREAST_FILLETS,,
CHICKEN_BREAST_HALVES,,
CHICKEN_BREAST_STRIPS,,
CHICKEN_BREAST_TENDERS,,
CHICKEN_BREASTS,,
CHICKEN_BROTH,,
CHICKEN_CUTLETS,,
CHICKEN_DRUMSTICKS,,
CHICKEN_FAT,,
CHICKEN_FLAVOR,,
CHICKEN_FLAVOR_STUFFING_MIX,,
CHICKEN_GRAVY,,
CHICKEN_LEG_QUARTERS,,
CHICKEN_LEGS,,
CHICKEN_LIVER,,
CHICKEN_LIVERS,,
CHICKEN_MEAT,,
CHICKEN_PARTS,,
CHICKEN_PIECES,,
CHICKEN_SAUSAGE,,
CHICKEN_SKIN,,
CHICKEN_STOCK,,
CHICKEN_STOCK_CUBES,,
CHICKEN_STRIPS,,
CHICKEN_TENDERLOINS,,
CHICKEN_THIGHS,,
CHICKEN_WINGS,,
CHICKPEA,,
CHICKPEA_FLOUR,,
CHICKPEAS,,
CHICORY,,
CHIFFONADE,,
CHILE,,
CHILE_DE_ARBOL,,
CHILE_PASTE,,
CHILE_PEPPER,,
CHILE_PEPPERS,,
CHILE_POWDER,,
CHILE_SAUCE,,
CHILEGARLIC_SAUCE,,
CHILES,,
CHILI,,
CHILI_BEANS,,
CHILI_FLAKES,,
CHILI_OIL,,
CHILI_PASTE,,
CHILI_PASTE_WITH_GARLIC,,
CHILI_PEPPER,,
CHILI_PEPPER_FLAKES,,
CHILI_PEPPERS,,
CHILI_POWDER,,
CHILI_SAUCE,,
CHILI_SEASONING,,
CHILI_SEASONING_MIX,,
CHILIES,,
CHILIS,,
CHILLI,,
CHILLI_POWDER,,
CHILLIES,,
CHINESE_CABBAGE,,
CHINESE_CHIVES,,
CHINESE_EGG_NOODLES,,
CHINESE_FIVESPICE_POWDER,,
CHINESE_NOODLES,,
CHINESE_RICE_WINE,,
CHINESE_SAUSAGE,,
CHIPOTLE,,
CHIPOTLE_CHILE,,
CHIPOTLE_CHILE_PEPPER,,
CHIPOTLE_CHILE_POWDER,,
CHIPOTLE_PEPPER,,
CHIPOTLE_PEPPERS,,
CHIPOTLE_POWDER,,
CHIPOTLE_SALSA,,
CHIPOTLES_IN_ADOBO,,
CHIPS,,
CHIVES,,
CHOCOLATE,,
CHOCOLATE_BARS,,
CHOCOLATE_CAKE_MIX,,
CHOCOLATE_CANDY,,
CHOCOLATE_CANDY_BARS,,
CHOCOLATE_CHIPS,,
CHOCOLATE_CHUNKS,,
CHOCOLATE_COOKIE,,
CHOCOLATE_COOKIE_CRUMBS,,
CHOCOLATE_CURLS,,
CHOCOLATE_DRINK,,
CHOCOLATE_FLAVORED_SYRUP,,
CHOCOLATE_FROSTING,,
CHOCOLATE_GRAHAM_CRACKERS,,
CHOCOLATE_ICE_CREAM,,
CHOCOLATE_INSTANT_PUDDING,,
CHOCOLATE_LIQUEUR,,
CHOCOLATE_MILK,,
CHOCOLATE_MORSELS,,
CHOCOLATE_POWDER,,
CHOCOLATE_SANDWICH_COOKIES,,
CHOCOLATE_SAUCE,,
CHOCOLATE_SHAVINGS,,
CHOCOLATE_SPRINKLES,,
CHOCOLATE_SYRUP,,
CHOCOLATE_WAFER_COOKIES,,
CHOCOLATES,,
CHOPPED,,
CHOPPED_CELERY,,
CHOPPED_CILANTRO,,
CHOPPED_CILANTRO_FRESH,,
CHOPPED_FRESH_CHIVES,,
CHOPPED_FRESH_MINT,,
CHOPPED_FRESH_SAGE,,
CHOPPED_FRESH_THYME,,
CHOPPED_GARLIC,,
CHOPPED_GREEN_BELL_PEPPER,,
CHOPPED_ONION,,
CHOPPED_PARSLEY,,
CHOPPED_PECANS,,
CHOPPED_TOMATOES,,
CHOPPED_WALNUTS,,
CHORIZO,,
CHORIZO_SAUSAGE,,
CHOW_MEIN_NOODLES,,
CHRYSANTHEMUM,,
CHUCK,,
CHUCK_ROAST,,
CHUNKY,,
CHUNKY_PEANUT_BUTTER,,
CHUNKY_SALSA,,
CHUTNEY,,
CIABATTA,,
CIABATTA_LOAF,,
CIABATTA_ROLLS,,
CIDER,,
CIDER_VINEGAR,,
CILANTRO,,
CILANTRO_LEAVES,,
CILANTRO_SPRIGS,,
CILANTRO_STEMS,,
CINNAMON,,
CINNAMON_GROUND,,
CINNAMON_POWDER,,
CINNAMON_ROLLS,,
CINNAMON_STICKS,,
CINNAMON_SUGAR,,
CIPOLLINI,,
CITRIC,,
CITRIC_ACID,,
CITRON,,
CITRUS,,
CITRUS_JUICE,,
CLAM_JUICE,,
CLAMS,,
CLARIFIED_BUTTER,,
CLAWS,,
CLEAN,,
CLEAR_HONEY,,
CLEMENTINES,,
CLOVE,,
CLOVE_GROUND,,
CLOVER,,
CLOVER_HONEY,,
CLOVES,,
CLUB_SODA,,
COARSE_BLACK_PEPPER,,
COARSE_GRAIN_MUSTARD,,
COARSE_KOSHER_SALT,,
COARSE_SALT,,
COARSE_SEA_SALT,,
COARSE_SUGAR,,
COATING,,
COCKLES,,
COCKTAIL_PEANUTS,,
COCKTAIL_SAUCE,,
COCOA,,
COCOA_BUTTER,,
COCOA_POWDER,,
COCOA_SOLIDS,,
COCONUT,,
COCONUT_CREAM,,
COCONUT_EXTRACT,,
COCONUT_FLAKES,,
COCONUT_FLOUR,,
COCONUT_MILK,,
COCONUT_OIL,,
COCONUT_RUM,,
COCONUT_SUGAR,,
COCONUT_WATER,,
COD,,
COD_FILLETS,,
COD_FISH,,
COFFEE,,
COFFEE_BEANS,,
COFFEE_CREAMER,,
COFFEE_GRANULES,,
COFFEE_ICE_CREAM,,
COFFEE_LIQUEUR,,
COFFEE_POWDER,,
COGNAC,,
COINTREAU,,
COINTREAU_LIQUEUR,,
COKE,,
COLA,,
COLBY_CHEESE,,
COLBY_JACK_CHEESE,,
COLD_CUT,,
COLD_MILK,,
COLD_WATER,,
COLESLAW,,
COLESLAW_DRESSING,,
COLLARD_GREENS,,
COLOR,,
COLORING,,
COLORS,,
COMBINED,,
COMPRESSED_YEAST,,
CONCENTRATE,,
CONCENTRATED,,
CONDENSED_CHEDDAR_CHEESE_SOUP,,
CONDENSED_CHICKEN_BROTH,,
CONDENSED_CREAM,,
CONDENSED_CREAM_OF_CELERY_SOUP,,
CONDENSED_CREAM_OF_CHICKEN_SOUP,,
CONDENSED_CREAM_OF_MUSHROOM_SOUP,,
CONDENSED_CREAM_OF_POTATO_SOUP,,
CONDENSED_FRENCH_ONION_SOUP,,
CONDENSED_GOLDEN_MUSHROOM_SOUP,,
CONDENSED_MILK,,
CONDENSED_TOMATO_SOUP,,
CONDIMENTS,,
CONES,,
CONFECTIONERS_SUGAR,,
CONFIT,,
COOKED_BACON,,
COOKED_BEEF,,
COOKED_BLACK_BEANS,,
COOKED_BROWN_RICE,,
COOKED_CHICKEN,,
COOKED_CHICKEN_BREASTS,,
COOKED_CHICKPEAS,,
COOKED_CORNED_BEEF,,
COOKED_HAM,,
COOKED_MACARONI,,
COOKED_MEATBALLS,,
COOKED_PASTA,,
COOKED_POTATOES,,
COOKED_PUMPKIN,,
COOKED_QUINOA,,
COOKED_RICE,,
COOKED_SHRIMP,,
COOKED_TURKEY,,
COOKED_WHITE_RICE,,
COOKIE,,
COOKIE_CRUMBS,,
COOKIES,,
COOKING_APPLES,,
COOKING_LIQUID,,
COOKING_OIL,,
COOKING_SHERRY,,
COOKING_SPRAY,,
COOKING_WINE,,
COOL_WHIP,,
CORIANDER,,
CORIANDER_POWDER,,
CORIANDER_SEEDS,,
CORN,,
CORN_BREAD,,
CORN_CEREAL,,
CORN_CHIPS,,
CORN_FLAKES,,
CORN_FLAKES_CEREAL,,
CORN_FLOUR,,
CORN_GRITS,,
CORN_HUSKS,,
CORN_KERNELS,,
CORN_MEAL,,
CORN_MUFFIN,,
CORN_OIL,,
CORN_STARCH,,
CORN_SYRUP,,
CORN_TORTILLA_CHIPS,,
CORN_TORTILLAS,,
CORNBREAD_MIX,,
CORNBREAD_STUFFING_MIX,,
CORNED_BEEF,,
CORNFLOUR,,
CORNICHONS,,
CORNISH_GAME_HENS,,
CORNISH_HENS,,
CORNMEAL,,
CORNSTARCH,,
COTIJA,,
COTTAGE_CHEESE,,
COUNTRY_BREAD,,
COUNTRY_HAM,,
COUSCOUS,,
CRAB,,
CRAB_BOIL,,
CRAB_MEAT,,
CRAB_STICKS,,
CRABMEAT,,
CRACKED_BLACK_PEPPER,,
CRACKED_PEPPER,,
CRACKED_WHEAT,,
CRACKER_CRUMBS,,
CRACKERS,,
CRANBERRIES,,
CRANBERRY,,
CRANBERRY_BEANS,,
CRANBERRY_JUICE,,
CRANBERRY_JUICE_COCKTAIL,,
CRANBERRY_SAUCE,,
CRAWFISH,,
CREAM,,
CREAM_BUTTER,,
CREAM_CHEESE,,
CREAM_CHEESE_FROSTING,,
CREAM_CHEESE_SPREAD,,
CREAM_OF_CELERY_SOUP,,
CREAM_OF_CHICKEN_SOUP,,
CREAM_OF_COCONUT,,
CREAM_OF_MUSHROOM_SOUP,,
CREAM_OF_POTATO_SOUP,,
CREAM_OF_TARTAR,,
CREAM_SHERRY,,
CREAM_STYLE_CORN,,
CREAMER,,
CREAMY_PEANUT_BUTTER,,
CREMA,,
CREME_DE_CACAO,,
CREME_FRAICHE,,
CREMINI,,
CREMINI_MUSHROOMS,,
CREOLE_MUSTARD,,
CREOLE_SEASONING,,
CREPES,,
CRESCENT_DINNER_ROLLS,,
CRESCENT_ROLLS,,
CRIMINI_MUSHROOMS,,
CRISCO,,
CRISCO_PURE_VEGETABLE_OIL,,
CRISCO_SHORTENING,,
CRISP_RICE,,
CRISPY_RICE_CEREAL,,
CROISSANTS,,
CROSSWISE,,
CROSTINI,,
CROUTONS,,
CRUMB_CRUST,,
CRUMBLED_BLUE_CHEESE,,
CRUMBLED_CORNBREAD,,
CRUMBLED_GOAT_CHEESE,,
CRUMBLED_GORGONZOLA,,
CRUMBLES,,
CRUMBS,,
CRUSHED_RED_PEPPER,,
CRUSHED_RED_PEPPER_FLAKES,,
CRUSHED_TOMATOES,,
CRUST,,
CRUSTY_BREAD,,
CRUSTY_ROLLS,,
CRYSTAL_HOT_SAUCE,,
CRYSTALLIZED_GINGER,,
CUBED_BEEF,,
CUBED_BREAD,,
CUBED_HAM,,
CUBED_POTATOES,,
CUCUMBER,,
CUCUMBERS,,
CUMIN,,
CUMIN_GROUND,,
CUMIN_POWDER,,
CUMIN_SEED,,
CUPCAKES,,
CURDS,,
CURLY_ENDIVE,,
CURLY_KALE,,
CURRANT,,
CURRANT_JELLY,,
CURRANTS,,
CURRY,,
CURRY_LEAF,,
CURRY_LEAVES,,
CURRY_PASTE,,
CURRY_POWDER,,
CUSTARD,,
CUSTARD_POWDER,,
CUT_UP_CHICKEN,,
CUTLET,,
DAIKON,,
DAIRY,,
DAL,,
DANDELION,,
DANDELION_GREENS,,
DARK_BEER,,
DARK_BROWN_SUGAR,,
DARK_CHOCOLATE,,
DARK_CHOCOLATE_CHIPS,,
DARK_CORN_SYRUP,,
DARK_MEAT,,
DARK_MOLASSES,,
DARK_RAISINS,,
DARK_RED_KIDNEY_BEANS,,
DARK_RUM,,
DARK_SESAME_OIL,,
DARK_SOY,,
DARK_SOY_SAUCE,,
DASHI,,
DASHI_POWDER,,
DATES,,
DAY_OLD_BREAD,,
DEEP_DISH_PIE_CRUST,,
DEHYDRATED,,
DEHYDRATED_ONION,,
DELI_HAM,,
DEMERARA_SUGAR,,
DESICCATED_COCONUT,,
DESSERT_WINE,,
DESSICATED_COCONUT,,
DEVEINED_SHRIMP,,
DICED_ONIONS,,
DICED_TOMATOES,,
DIJON,,
DIJON_MUSTARD,,
DILL,,
DILL_PICKLE,,
DILL_PICKLES,,
DILL_SEED,,
DILL_WEED,,
DINNER_ROLLS,,
DIPPING_CHOCOLATE,,
DISTILLED,,
DISTILLED_VINEGAR,,
DISTILLED_WATER,,
DISTILLED_WHITE_VINEGAR,,
DITALINI,,
DITALINI_PASTA,,
DORITOS,,
DOUBANJIANG,,
DOUBLE_CREAM,,
DOUBLE_CRUST,,
DOUBLE_CRUST_PIE,,
DOUGH,,
DREAM_WHIP,,
DRESSING,,
DRIED_APPLE,,
DRIED_APPLES,,
DRIED_APRICOT,,
DRIED_APRICOTS,,
DRIED_BASIL,,
DRIED_BEANS,,
DRIED_BEEF,,
DRIED_BLACK_BEANS,,
DRIED_BLUEBERRIES,,
DRIED_CELERY,,
DRIED_CHERRIES,,
DRIED_CHICKPEAS,,
DRIED_CHILES,,
DRIED_CHILI,,
DRIED_CHILI_PEPPER,,
DRIED_CHIVES,,
DRIED_COCONUT,,
DRIED_CORN,,
DRIED_CRANBERRIES,,
DRIED_CURRANTS,,
DRIED_DATES,,
DRIED_DILL,,
DRIED_DILL_WEED,,
DRIED_EGG,,
DRIED_FETTUCCINE,,
DRIED_FIG,,
DRIED_FIGS,,
DRIED_FRUIT,,
DRIED_GARLIC,,
DRIED_HERBS,,
DRIED_KIDNEY_BEANS,,
DRIED_LAVENDER,,
DRIED_LAVENDER_BLOSSOMS,,
DRIED_LENTILS,,
DRIED_MINCED_GARLIC,,
DRIED_MINCED_ONION,,
DRIED_MUSHROOMS,,
DRIED_NAVY_BEANS,,
DRIED_ONION,,
DRIED_ONION_FLAKES,,
DRIED_ORANGE_PEEL,,
DRIED_OREGANO,,
DRIED_PARSLEY,,
DRIED_PARSLEY_FLAKES,,
DRIED_PEARS,,
DRIED_PINEAPPLE,,
DRIED_PINTO_BEANS,,
DRIED_PORCINI_MUSHROOMS,,
DRIED_RED,,
DRIED_RED_CHILE_PEPPERS,,
DRIED_RED_PEPPER,,
DRIED_RICE,,
DRIED_RICE_NOODLES,,
DRIED_ROSEMARY,,
DRIED_SAGE,,
DRIED_SHIITAKE_MUSHROOMS,,
DRIED_SHRIMP,,
DRIED_SPLIT_PEAS,,
DRIED_SWEETENED_CRANBERRIES,,
DRIED_TARRAGON_LEAVES,,
DRIED_TART_CHERRIES,,
DRIED_THYME,,
DRIED_TOMATO,,
DRIED_TOMATOES,,
DRIED_YEAST,,
DRIPPINGS,,
DRY,,
DRY_BREAD_CRUMBS,,
DRY_FETTUCCINE,,
DRY_MILK,,
DRY_MILK_POWDER,,
DRY_MUSTARD,,
DRY_PASTA,,
DRY_RED_WINE,,
DRY_ROASTED_PEANUTS,,
DRY_RUB,,
DRY_SHERRY,,
DRY_VERMOUTH,,
DRY_WHITE_WINE,,
DRY_YEAST,,
DUCK,,
DUCK_BREAST_HALVES,,
DUCK_BREASTS,,
DUCK_FAT,,
DUCK_SAUCE,,
DULCE_DE_LECHE,,
DUMPLINGS,,
EARL_GREY_TEA,,
EARL_GREY_TEA_BAGS,,
EARS,,
EARTH_BALANCE,,
EASY,,
EDAMAME,,
EGG,,
EGG_BEATERS,,
EGG_BREAD,,
EGG_NOODLES,,
EGG_PRODUCT,,
EGG_ROLL_WRAPPERS,,
EGG_SUBSTITUTE,,
EGG_WHITE,,
EGG_WHITES,,
EGG_YOLK,,
EGG_YOLKS,,
EGGNOG,,
EGGPLANT,,
EGGPLANTS,,
EGGS,,
ELBOW_MACARONI,,
EMERILS_ESSENCE,,
EMERILS_ORIGINAL_ESSENCE,,
ENCHILADA_SAUCE,,
ENDIVE,,
ENGLISH_CUCUMBER,,
ENGLISH_MUFFINS,,
ENGLISH_MUSTARD,,
ENGLISH_TOFFEE_BITS,,
EPAZOTE,,
ESCAROLE,,
ESPRESSO,,
ESPRESSO_BEANS,,
ESPRESSO_POWDER,,
ESSENCE,,
EUROPEAN_CUCUMBER,,
EVAPORATED_MILK,,
EVAPORATED_SKIM_MILK,,
EXTRA,,
EXTRA_FIRM_TOFU,,
EXTRA_LEAN_GROUND_BEEF,,
EXTRA_LIGHT_OLIVE_OIL,,
EXTRA_SHARP_CHEDDAR_CHEESE,,
EXTRA_VIRGIN_OLIVE_OIL,,
EXTRAVIRGIN_OLIVE_OIL,,
EXTRACT,,
EYE_OF_ROUND_ROAST,,
EYE_STEAKS,,
FAJITA_SEASONING_MIX,,
FARRO,,
FAST_RISING_YEAST,,
FAT,,
FAT_FREE,,
FAT_FREE_CREAM_CHEESE,,
FAT_FREE_GREEK_YOGURT,,
FAT_FREE_LESS_SODIUM_CHICKEN_BROTH,,
FAT_FREE_MILK,,
FAT_FREE_YOGURT,,
FATBACK,,
FAVA_BEANS,,
FENNEL,,
FENNEL_BULB,,
FENNEL_FRONDS,,
FENNEL_SEED,,
FENNEL_SEEDS,,
FENUGREEK,,
FENUGREEK_LEAVES,,
FENUGREEK_SEEDS,,
FERMENTED_BLACK_BEANS,,
FETA_CHEESE,,
FETA_CHEESE_CRUMBLES,,
FETTUCCINE_PASTA,,
FETTUCINE,,
FIBER,,
FIBER_ONE,,
FIG,,
FIGS,,
FILBERTS,,
FILE_POWDER,,
FILET,,
FILET_MIGNON,,
FILLETS,,
FILLING,,
FILO,,
FILTERED_WATER,,
FINE_EGG_NOODLES,,
FINE_SALT,,
FINE_SEA_SALT,,
FINELY_CHOPPED_ONION,,
FINGERLING,,
FINGERLING_POTATOES,,
FIRM_SILKEN_TOFU,,
FIRM_TOFU,,
FIRMLY_PACKED_BROWN_SUGAR,,
FIRMLY_PACKED_LIGHT_BROWN_SUGAR,,
FISH,,
FISH_BONES,,
FISH_FILLETS,,
FISH_SAUCE,,
FISH_STEAKS,,
FISH_STOCK,,
FIVE_SPICE,,
FIVESPICE_POWDER,,
FL,,
FLAKED,,
FLAKED_COCONUT,,
FLANK_STEAK,,
FLAT_ANCHOVY,,
FLAT_LEAF_PARSLEY,,
FLATBREAD,,
FLAVOR,,
FLAVORED,,
FLAVORED_SYRUP,,
FLAVORED_VODKA,,
FLAVORING,,
FLAVORS,,
FLAVOUR,,
FLAX,,
FLAX_MEAL,,
FLAX_SEED,,
FLAX_SEED_MEAL,,
FLAX_SEEDS,,
FLAXSEED,,
FLEUR_DE_SEL,,
FLORETS,,
FLOUNDER,,
FLOUNDER_FILLETS,,
FLOUR,,
FLOUR_FOR_DUSTING,,
FLOUR_MIX,,
FLOUR_TORTILLA,,
FLOUR_TORTILLAS,,
FLOWER,,
FLOWERETS,,
FLOWERS,,
FOCACCIA,,
FONDANT,,
FONTINA,,
FONTINA_CHEESE,,
FOOD_COLOR,,
FOOD_COLORING,,
FOOD_COLOURING,,
FOR_COLOR,,
FRANGELICO,,
FRANKFURTERS,,
FRANKS,,
FRANKS_HOT_SAUCE,,
FRENCH_BAGUETTE,,
FRENCH_BREAD,,
FRENCH_DRESSING,,
FRENCH_FRIED_ONIONS,,
FRENCH_FRIES,,
FRENCH_MUSTARD,,
FRENCH_ONION_SOUP,,
FRENCH_ROLLS,,
FRESH,,
FRESH_BASIL,,
FRESH_BASIL_LEAVES,,
FRESH_CHIVES,,
FRESH_CILANTRO,,
FRESH_CORIANDER,,
FRESH_DILL,,
FRESH_GINGER,,
FRESH_GINGER_ROOT,,
FRESH_LEMON,,
FRESH_LEMON_JUICE,,
FRESH_LIME,,
FRESH_LIME_JUICE,,
FRESH_MINT,,
FRESH_MOZZARELLA,,
FRESH_MUSHROOMS,,
FRESH_ORANGE,,
FRESH_ORANGE_JUICE,,
FRESH_OREGANO,,
FRESH_PARMESAN_CHEESE,,
FRESH_PARSLEY,,
FRESH_ROSEMARY,,
FRESH_SAGE,,
FRESH_TARRAGON,,
FRESH_THYME,,
FRESH_THYME_LEAVES,,
FRESH_TOMATOES,,
FRESHLY_GRATED_PARMESAN,,
FRESHLY_GROUND_PEPPER,,
FRISEE,,
FRITOS,,
FRONDS,,
FROSTING,,
FROZEN_ARTICHOKE_HEARTS,,
FROZEN_BANANA,,
FROZEN_BLACKBERRIES,,
FROZEN_BLUEBERRIES,,
FROZEN_BREAD_DOUGH,,
FROZEN_BROCCOLI,,
FROZEN_BROCCOLI_FLORETS,,
FROZEN_CHERRIES,,
FROZEN_CHOPPED_SPINACH,,
FROZEN_CORN,,
FROZEN_CORN_KERNELS,,
FROZEN_CRANBERRIES,,
FROZEN_GREEN_BEANS,,
FROZEN_HASH_BROWNS,,
FROZEN_LEMONADE_CONCENTRATE,,
FROZEN_LIMEADE,,
FROZEN_LIMEADE_CONCENTRATE,,
FROZEN_MANGO,,
FROZEN_MEATBALLS,,
FROZEN_MIXED_BERRIES,,
FROZEN_MIXED_VEGETABLES,,
FROZEN_OKRA,,
FROZEN_ORANGE_JUICE_CONCENTRATE,,
FROZEN_PEACHES,,
FROZEN_PEAS,,
FROZEN_PEAS_AND_CARROTS,,
FROZEN_POTATOES,,
FROZEN_RASPBERRIES,,
FROZEN_SHELLED_EDAMAME,,
FROZEN_SPINACH,,
FROZEN_STRAWBERRIES,,
FROZEN_SWEET_CORN,,
FROZEN_TATER_TOTS,,
FROZEN_VEGETABLES,,
FROZEN_WHIPPED_TOPPING,,
FRUCTOSE,,
FRUIT,,
FRUIT_COCKTAIL,,
FRUIT_JUICE,,
FRUIT_PECTIN,,
FRUITS,,
FRYING_OIL,,
FUDGE,,
FUDGE_BROWNIE_MIX,,
FUJI_APPLE,,
FUJI_APPLES,,
FULLY_COOKED_HAM,,
FUSILLI,,
GALA_APPLES,,
GALANGAL,,
GALLIANO,,
GAME,,
GANACHE,,
GARAM_MASALA,,
GARBANZO,,
GARBANZO_BEAN_FLOUR,,
GARBANZO_BEANS,,
GARLIC,,
GARLIC_AND_HERB_SEASONING,,
GARLIC_BREAD,,
GARLIC_BULB,,
GARLIC_CHILI_SAUCE,,
GARLIC_CHIVES,,
GARLIC_CLOVES,,
GARLIC_GRANULES,,
GARLIC_MINCED,,
GARLIC_PASTE,,
GARLIC_PEPPER_SEASONING,,
GARLIC_POWDER,,
GARLIC_PUREE,,
GARLIC_SALT,,
GARLIC_SAUCE,,
GARNISH,,
GELATIN,,
GELATINE,,
GENOA_SALAMI,,
GHEE,,
GHERKINS,,
GIARDINIERA,,
GIN,,
GINGER,,
GINGER_ALE,,
GINGER_BEER,,
GINGER_JUICE,,
GINGER_PASTE,,
GINGER_POWDER,,
GINGER_ROOT,,
GINGER_SYRUP,,
GINGERROOT,,
GINGERSNAP,,
GINGERSNAP_COOKIES,,
GINGERSNAP_CRUMBS,,
GLACE_CHERRIES,,
GLAZE,,
GLUTEN,,
GLUTEN_FLOUR,,
GLUTEN_FREE,,
GLUTEN_FREE_FLOUR,,
GLUTINOUS_RICE,,
GLUTINOUS_RICE_FLOUR,,
GNOCCHI,,
GOAT,,
GOAT_CHEESE,,
GOLD_POTATOES,,
GOLDEN_BEETS,,
GOLDEN_BROWN_SUGAR,,
GOLDEN_CASTER_SUGAR,,
GOLDEN_DELICIOUS,,
GOLDEN_DELICIOUS_APPLES,,
GOLDEN_MUSHROOM_SOUP,,
GOLDEN_RAISINS,,
GOLDEN_SYRUP,,
GOOD_SEASONS_ITALIAN_DRESSING_MIX,,
GOOSE,,
GOOSEBERRIES,,
GORGONZOLA,,
GOUDA,,
GOUDA_CHEESE,,
GRAHAM_CRACKER_CRUMBS,,
GRAHAM_CRACKER_CRUSTS,,
GRAHAM_CRACKER_PIE_CRUST,,
GRAHAM_CRACKERS,,
GRAHAM_FLOUR,,
GRAIN,,
GRAM_FLOUR,,
GRANA,,
GRANA_PADANO,,
GRAND_MARNIER,,
GRANNY_SMITH_APPLES,,
GRANOLA,,
GRANULATED_GARLIC,,
GRANULATED_ONION,,
GRANULATED_SUGAR,,
GRANULATED_WHITE_SUGAR,,
GRAPE,,
GRAPE_JELLY,,
GRAPE_JUICE,,
GRAPE_LEAVES,,
GRAPE_TOMATOES,,
GRAPEFRUIT,,
GRAPEFRUIT_JUICE,,
GRAPES,,
GRAPESEED_OIL,,
GRATED_CARROT,,
GRATED_COCONUT,,
GRATED_COTIJA,,
GRATED_HORSERADISH,,
GRATED_LEMON_PEEL,,
GRATED_LEMON_ZEST,,
GRATED_NUTMEG,,
GRATED_ORANGE,,
GRATED_ORANGE_PEEL,,
GRATED_PARMESAN_CHEESE,,
GRATED_PARMESAN_ROMANO,,
GRATED_PECORINO,,
GRATED_ROMANO_CHEESE,,
GRAVY,,
GRAVY_MIX,,
GRAY_SALT,,
GREAT_NORTHERN_BEANS,,
GREEK_FETA,,
GREEK_SEASONING,,
GREEK_STYLE_PLAIN_YOGURT,,
GREEK_YOGURT,,
GREEN,,
GREEN_APPLE,,
GREEN_APPLES,,
GREEN_BEANS,,
GREEN_BELL_PEPPER,,
GREEN_BELL_PEPPERS,,
GREEN_CABBAGE,,
GREEN_CARDAMOM,,
GREEN_CARDAMOM_PODS,,
GREEN_CHILE,,
GREEN_CHILE_PEPPERS,,
GREEN_CHILES,,
GREEN_CHILI_PEPPERS,,
GREEN_CHILIES,,
GREEN_CHILIS,,
GREEN_CURRY_PASTE,,
GREEN_ENCHILADA_SAUCE,,
GREEN_GARLIC,,
GREEN_GRAPE,,
GREEN_LEAF_LETTUCE,,
GREEN_LENTIL,,
GREEN_OLIVES,,
GREEN_ONION,,
GREEN_ONIONS,,
GREEN_PEAS,,
GREEN_PEPPER,,
GREEN_PEPPERCORNS,,
GREEN_PEPPERS,,
GREEN_TEA,,
GREEN_TEA_BAGS,,
GREEN_TEA_LEAVES,,
GREEN_TEA_POWDER,,
GREEN_TOMATOES,,
GREENS,,
GRENADINE,,
GRENADINE_SYRUP,,
GREY_POUPON_DIJON_MUSTARD,,
GRILL_SEASONING,,
GRILLED_CHICKEN,,
GRITS,,
GROUND,,
GROUND_ALLSPICE,,
GROUND_ALMONDS,,
GROUND_BEEF,,
GROUND_BLACK_PEPPER,,
GROUND_BLANCHED_ALMONDS,,
GROUND_CARDAMOM,,
GROUND_CAYENNE_PEPPER,,
GROUND_CHICKEN,,
GROUND_CHICKEN_BREAST,,
GROUND_CHIPOTLE_CHILE_PEPPER,,
GROUND_CHUCK,,
GROUND_CINNAMON,,
GROUND_CLOVES,,
GROUND_COFFEE,,
GROUND_CORIANDER,,
GROUND_CUMIN,,
GROUND_FENNEL,,
GROUND_FLAX,,
GROUND_FLAX_SEED,,
GROUND_FLAX_SEEDS,,
GROUND_FLAXSEED,,
GROUND_GINGER,,
GROUND_HAZELNUTS,,
GROUND_LAMB,,
GROUND_MEAT,,
GROUND_MUSTARD,,
GROUND_NUTMEG,,
GROUND_NUTS,,
GROUND_OREGANO,,
GROUND_PAPRIKA,,
GROUND_PECANS,,
GROUND_PEPPER,,
GROUND_PORK,,
GROUND_PORK_SAUSAGE,,
GROUND_RED_PEPPER,,
GROUND_ROUND,,
GROUND_SAGE,,
GROUND_SAUSAGE,,
GROUND_SIRLOIN,,
GROUND_THYME,,
GROUND_TURKEY,,
GROUND_TURKEY_BREAST,,
GROUND_TURMERIC,,
GROUND_VEAL,,
GROUND_WALNUTS,,
GROUND_WHEAT,,
GROUND_WHITE_PEPPER,,
GROUPER,,
GRUYERE_CHEESE,,
GUACAMOLE,,
GUAJILLO,,
GUAJILLO_CHILES,,
GUANCIALE,,
GUAR,,
GUAR_GUM,,
GUAVA,,
GUMBO,,
GYOZA,,
GYOZA_SKINS,,
HABANERO,,
HABANERO_CHILE,,
HABANERO_PEPPER,,
HABANERO_PEPPERS,,
HADDOCK,,
HADDOCK_FILLETS,,
HALF,,
HALF__HALF,,
HALFANDHALF,,
HALIBUT,,
HALIBUT_FILLETS,,
HAM,,
HAM_HOCK,,
HAM_STEAK,,
HAMBURGER,,
HAMBURGER_BUNS,,
HAND,,
HARD_CIDER,,
HARD_SALAMI,,
HARICOTS_VERTS,,
HARISSA,,
HARISSA_PASTE,,
HASH_BROWN,,
HASS_AVOCADO,,
HAVARTI,,
HAVARTI_CHEESE,,
HAZELNUT,,
HAZELNUT_LIQUEUR,,
HAZELNUT_OIL,,
HAZELNUTS,,
HEAD_CAULIFLOWER,,
HEARTS_OF_PALM,,
HEATH_CANDY_BARS,,
HEAVY_CREAM,,
HEAVY_WHIPPING_CREAM,,
HEINZ_CHILI_SAUCE,,
HEINZ_TOMATO_KETCHUP,,
HEIRLOOM_TOMATOES,,
HEMP_SEEDS,,
HEN,,
HERB,,
HERB_DRESSING,,
HERB_SEASONED_STUFFING,,
HERB_SEASONED_STUFFING_MIX,,
HERB_SEASONING,,
HERBES_DE_PROVENCE,,
HERBS,,
HERSHEY_CHOCOLATE,,
HICKORY_SMOKE,,
HIMALAYAN_SALT,,
HOAGIE_ROLLS,,
HOISIN_SAUCE,,
HOMEMADE_CHICKEN_STOCK,,
HOMINY,,
HONEY,,
HONEY_MUSTARD,,
HONEY_MUSTARD_DRESSING,,
HONEY_SUGAR,,
HONEYDEW,,
HONEYDEW_MELON,,
HORSERADISH,,
HORSERADISH_SAUCE,,
HOT_CHILI,,
HOT_CHILI_OIL,,
HOT_CHILI_PASTE,,
HOT_CHILI_PEPPER,,
HOT_CHILI_POWDER,,
HOT_CHILI_SAUCE,,
HOT_COCOA_MIX,,
HOT_DOGS,,
HOT_FUDGE_TOPPING,,
HOT_ITALIAN_SAUSAGES,,
HOT_MUSTARD,,
HOT_PEPPER,,
HOT_PEPPER_SAUCE,,
HOT_PEPPERS,,
HOT_PORK_SAUSAGE,,
HOT_RED_PEPPER_FLAKES,,
HOT_SAUCE,,
HOT_SAUSAGE,,
HOT_SMOKED_PAPRIKA,,
HOT_WATER,,
HOTHOUSE_CUCUMBER,,
HOUSE_SEASONING,,
HUMMUS,,
HUNGARIAN_PAPRIKA,,
HUNGARIAN_SWEET_PAPRIKA,,
ICE,,
ICE_CREAM,,
ICE_CUBES,,
ICE_WATER,,
ICEBERG,,
ICEBERG_LETTUCE,,
ICING,,
ICING_SUGAR,,
IDAHO_POTATOES,,
IMPORTED,,
IN_WATER,,
INDIAN,,
INGREDIENTS,,
INSTANT,,
INSTANT_BUTTERSCOTCH_PUDDING_MIX,,
INSTANT_CHICKEN_BOUILLON,,
INSTANT_CHICKEN_BOUILLON_GRANULES,,
INSTANT_COFFEE,,
INSTANT_ESPRESSO,,
INSTANT_ESPRESSO_POWDER,,
INSTANT_OATS,,
INSTANT_POTATO_FLAKES,,
INSTANT_PUDDING_MIX,,
INSTANT_RICE,,
INSTANT_WHITE_RICE,,
INSTANT_YEAST,,
IODIZED_SALT,,
IRISH_CREAM_LIQUEUR,,
IRISH_WHISKEY,,
IRON,,
ISRAELI_COUSCOUS,,
ITALIAN_BREAD,,
ITALIAN_CHEESE,,
ITALIAN_CHEESE_BLEND,,
ITALIAN_HERBS,,
ITALIAN_PARSLEY_LEAVES,,
ITALIAN_PLUM_TOMATOES,,
ITALIAN_PORK_SAUSAGE,,
ITALIAN_ROLLS,,
ITALIAN_SALAD_DRESSING,,
ITALIAN_SALAD_DRESSING_MIX,,
ITALIAN_SAUSAGE,,
ITALIAN_SEASONED_BREADCRUMBS,,
ITALIAN_SEASONING,,
ITALIAN_TOMATOES,,
ITALIAN_TURKEY_SAUSAGE,,
ITALIAN_VINAIGRETTE,,
JACK,,
JACK_CHEESE,,
JACK_DANIELS,,
JAGGERY,,
JALAPENO,,
JALAPENO_CHILIES,,
JALAPENO_PEPPER,,
JALAPENO_PEPPERS,,
JALAPENOS,,
JAM,,
JAPANESE_BREADCRUMBS,,
JAPANESE_EGGPLANTS,,
JAPANESE_RICE,,
JAPANESE_SOY_SAUCE,,
JARLSBERG,,
JASMINE,,
JASMINE_RICE,,
JELLO,,
JELLY,,
JERK_SEASONING,,
JICAMA,,
JIFFY_CORN_MUFFIN_MIX,,
JIMMY_DEAN_SAUSAGE,,
JUICE,,
JUICE_CONCENTRATE,,
JUMBO_PASTA_SHELLS,,
JUMBO_SHRIMP,,
JUNIPER_BERRIES,,
KABOCHA_SQUASH,,
KAFFIR_LIME,,
KAFFIR_LIME_LEAVES,,
KAHLUA,,
KAISER_ROLLS,,
KALAMATA,,
KALAMATA_OLIVES,,
KALE,,
KALE_LEAVES,,
KAMABOKO,,
KARO_SYRUP,,
KATAKURIKO,,
KEFIR,,
KETCHUP,,
KETJAP,,
KEY_LIME,,
KEY_LIME_JUICE,,
KIDNEY,,
KIDNEY_BEANS,,
KIELBASA,,
KIMCHI,,
KING_PRAWNS,,
KIRBY_CUCUMBERS,,
KIRSCH,,
KITCHEN_BOUQUET,,
KITCHENS,,
KIWI,,
KIWI_FRUITS,,
KNUDSEN_LIGHT_SOUR_CREAM,,
KNUDSEN_SOUR_CREAM,,
KOHLRABI,,
KONBU,,
KOSHER,,
KOSHER_SALT,,
KRAFT_CLASSIC_RANCH_DRESSING,,
KRAFT_GRATED_PARMESAN_CHEESE,,
KRAFT_ORIGINAL_BARBECUE_SAUCE,,
KRAFT_SHARP_CHEDDAR_CHEESE,,
KRAFT_SUN_DRIED_TOMATO_VINAIGRETTE,,
KRAFT_ZESTY_ITALIAN_DRESSING,,
KUMQUATS,,
LACINATO_KALE,,
LADY_APPLES,,
LADY_FINGERS,,
LAGER,,
LAGER_BEER,,
LAMB,,
LAMB_CHOPS,,
LAMB_LOIN,,
LAMB_LOIN_CHOPS,,
LAMB_NECK,,
LAMB_RIB_CHOPS,,
LAMB_SHANKS,,
LAMB_SHOULDER,,
LAMB_STEW_MEAT,,
LAMB_STOCK,,
LARD,,
LARDONS,,
LARGE_EGG_WHITES,,
LARGE_EGG_YOLKS,,
LARGE_EGGS,,
LARGE_GARLIC_CLOVES,,
LARGE_SHRIMP,,
LASAGNA_NOODLES,,
LASAGNA_SHEETS,,
LASAGNE,,
LAUGHING_COW,,
LAUREL,,
LAVASH,,
LAVENDER,,
LAVENDER_FLOWERS,,
LEAF_LETTUCE,,
LEAF_PARSLEY,,
LEAN_BACON,,
LEAN_BEEF,,
LEAN_GROUND_BEEF,,
LEAN_GROUND_PORK,,
LEAN_GROUND_TURKEY,,
LEAVES,,
LEAVING,,
LEEK,,
LEEKS,,
LEG_OF_LAMB,,
LEG_QUARTERS,,
LEMON,,
LEMON_BALM,,
LEMON_CAKE_MIX,,
LEMON_CURD,,
LEMON_EXTRACT,,
LEMON_FLAVOR,,
LEMON_GRASS,,
LEMON_JUICE,,
LEMON_PEEL,,
LEMON_PEPPER,,
LEMON_PEPPER_SEASONING,,
LEMON_PUDDING,,
LEMON_RIND,,
LEMON_SLICES,,
LEMON_THYME,,
LEMON_VERBENA,,
LEMON_WEDGE,,
LEMON_ZEST,,
LEMONADE,,
LEMONADE_CONCENTRATE,,
LEMONGRASS,,
LEMONS,,
LENTILS,,
LESS_SODIUM_CHICKEN_BROTH,,
LETTUCE,,
LETTUCE_HEARTS,,
LETTUCE_LEAVES,,
LICORICE,,
LIGHT_BEER,,
LIGHT_BROWN_SUGAR,,
LIGHT_BUTTER,,
LIGHT_COCONUT_MILK,,
LIGHT_CORN_SYRUP,,
LIGHT_CREAM,,
LIGHT_CREAM_CHEESE,,
LIGHT_MARGARINE,,
LIGHT_MAYONNAISE,,
LIGHT_MOLASSES,,
LIGHT_RUM,,
LIGHT_SOUR_CREAM,,
LIGHT_SOY_SAUCE,,
LIGHT_SYRUP,,
LIGHT_TUNA,,
LILLET,,
LIMA_BEANS,,
LIME,,
LIME_JUICE,,
LIME_LEAVES,,
LIME_PEEL,,
LIME_RIND,,
LIME_SLICES,,
LIME_WEDGES,,
LIME_ZEST,,
LIMEADE_CONCENTRATE,,
LIMES,,
LIMONCELLO,,
LINGUICA,,
LINGUINE,,
LINGUINI,,
LINKS,,
LIPTON_ONION_SOUP_MIX,,
LIQUEUR,,
LIQUID,,
LIQUID_AMINOS,,
LIQUID_EGG_SUBSTITUTE,,
LIQUID_HONEY,,
LIQUID_PECTIN,,
LIQUID_SMOKE,,
LIQUOR,,
LITE_COCONUT_MILK,,
LITTLENECK_CLAMS,,
LIVER,,
LIVERWURST,,
LOAVES,,
LOBSTER,,
LOBSTER_MEAT,,
LOBSTER_TAILS,,
LOBSTERS,,
LOIN,,
LONDON_BROIL,,
LONG_BEANS,,
LONG_GRAIN_BROWN_RICE,,
LONG_GRAIN_RICE,,
LONG_GRAIN_WHITE_RICE,,
LONG_GREEN,,
LONGGRAIN_RICE,,
LOUISIANA_HOT_SAUCE,,
LOVE,,
LOW_FAT,,
LOW_SALT_CHICKEN_BROTH,,
LOW_SODIUM,,
LOW_SODIUM_BEEF_BROTH,,
LOW_SODIUM_CHICKEN,,
LOW_SODIUM_CHICKEN_BROTH,,
LOW_SODIUM_CHICKEN_STOCK,,
LOW_SODIUM_SOY_SAUCE,,
LOW_SODIUM_VEGETABLE_BROTH,,
LOWFAT_MILK,,
LOWFAT_YOGURT,,
LUMP_CRAB_MEAT,,
LUMPIA_WRAPPERS,,
LUNCHEON_MEAT,,
LYCHEE,,
MACADAMIA_NUTS,,
MACARONI,,
MACARONI_AND_CHEESE_DINNER,,
MACE,,
MACKEREL,,
MADEIRA,,
MADEIRA_WINE,,
MADRAS_CURRY_POWDER,,
MAGGI,,
MAHI_MAHI,,
MAHI_MAHI_FILLETS,,
MALT,,
MALT_VINEGAR,,
MALTED_MILK,,
MALTED_MILK_POWDER,,
MANCHEGO_CHEESE,,
MANDARIN_ORANGE_SEGMENTS,,
MANDARIN_ORANGES,,
MANGO,,
MANGO_CHUTNEY,,
MANGO_POWDER,,
MANGO_PUREE,,
MANGOES,,
MANGOS,,
MANICOTTI,,
MANZANILLA,,
MAPLE_EXTRACT,,
MAPLE_SUGAR,,
MAPLE_SYRUP,,
MARASCHINO,,
MARASCHINO_CHERRIES,,
MARCONA_ALMONDS,,
MARGARINE,,
MARGARITA_MIX,,
MARINADE,,
MARINARA_SAUCE,,
MARJORAM,,
MARJORAM_LEAVES,,
MARMALADE,,
MARMITE,,
MARROW,,
MARSALA_WINE,,
MARSHMALLOW,,
MARSHMALLOW_CREAM,,
MARSHMALLOW_CREME,,
MARSHMALLOWS,,
MARZIPAN,,
MASA,,
MASA_HARINA,,
MASALA,,
MASCARPONE,,
MASCARPONE_CHEESE,,
MASHED_BANANA,,
MASHED_POTATOES,,
MATCHA,,
MATURE_CHEDDAR,,
MATZO_MEAL,,
MAYONAISE,,
MAYONNAISE,,
MCINTOSH_APPLES,,
MEAL,,
MEAT,,
MEAT_TENDERIZER,,
MEATBALLS,,
MEATLOAF,,
MEDITERRANEAN,,
MEDIUM_EGG_NOODLES,,
MEDIUM_EGGS,,
MEDIUM_HEAT,,
MEDIUM_POTATOES,,
MEDIUM_SHRIMP,,
MEDIUM_TOMATOES,,
MEDIUM_ZUCCHINI,,
MELON,,
MELON_LIQUEUR,,
MELTED_BUTTER,,
MENTSUYU,,
MERINGUE,,
MERINGUE_POWDER,,
MERLOT,,
MESCLUN,,
METHI,,
MEXICAN_BEER,,
MEXICAN_CHEESE,,
MEXICAN_CHEESE_BLEND,,
MEXICAN_CHOCOLATE,,
MEXICAN_CHORIZO,,
MEXICAN_OREGANO,,
MEXICORN,,
MEYER_LEMON,,
MEYER_LEMON_JUICE,,
MIDDLE_EASTERN,,
MILD_CHEDDAR_CHEESE,,
MILD_CURRY_POWDER,,
MILD_ITALIAN_SAUSAGE,,
MILD_SALSA,,
MILD_SAUSAGE,,
MILK,,
MILK_CHOCOLATE,,
MILK_CHOCOLATE_CHIPS,,
MILK_POWDER,,
MILKFAT,,
MILLET,,
MINCED_BEEF,,
MINCED_CHICKEN,,
MINCED_CLAMS,,
MINCED_GARLIC,,
MINCED_GINGER,,
MINCED_MEAT,,
MINCED_ONION,,
MINCED_PARSLEY,,
MINCED_PORK,,
MINCEMEAT,,
MINERAL_WATER,,
MINI_CHOCOLATE_CHIPS,,
MINI_MARSHMALLOWS,,
MINIATURE_CHOCOLATE_CHIPS,,
MINIATURE_SEMISWEET_CHOCOLATE_CHIPS,,
MINT,,
MINT_CHOCOLATE_CHIP_ICE_CREAM,,
MINT_EXTRACT,,
MINT_LEAVES,,
MINT_SPRIGS,,
MINUTE_RICE,,
MINUTE_WHITE_RICE,,
MIRIN,,
MISO,,
MISO_PASTE,,
MISSION_FIGS,,
MIX,,
MIXED_DRIED_FRUIT,,
MIXED_FRUIT,,
MIXED_GREENS,,
MIXED_MUSHROOMS,,
MIXED_NUTS,,
MIXED_SPICE,,
MIXED_VEGETABLES,,
MIZUNA,,
MOCHI,,
MOCHIKO,,
MOLASSES,,
MONKFISH,,
MONOSODIUM,,
MONOSODIUM_GLUTAMATE,,
MONTEREY_JACK,,
MONTEREY_JACK_CHEESE,,
MONTREAL_STEAK_SEASONING,,
MOONG_DAL,,
MORE,,
MORSELS,,
MORTADELLA,,
MOUSSE,,
MOZZARELLA,,
MOZZARELLA_BALLS,,
MOZZARELLA_CHEESE,,
MOZZARELLA_STRING_CHEESE,,
MSG,,
MUCH,,
MUENSTER,,
MUENSTER_CHEESE,,
MUESLI,,
MUFFIN,,
MUFFIN_MIX,,
MUFFINS,,
MULBERRIES,,
MULTIGRAIN_BREAD,,
MUNG_BEAN,,
MUNG_BEAN_SPROUTS,,
MUNG_BEANS,,
MUSCAT,,
MUSCOVADO_SUGAR,,
MUSHROOM,,
MUSHROOM_BROTH,,
MUSHROOM_CAPS,,
MUSHROOM_SOUP,,
MUSHROOMS,,
MUSSELS,,
MUSTARD,,
MUSTARD_GREENS,,
MUSTARD_OIL,,
MUSTARD_POWDER,,
MUSTARD_SEED,,
MUSTARD_SEEDS,,
MUTTON,,
NAAN,,
NACHO_CHIPS,,
NAM_PLA,,
NAMA_SHOYU,,
NAPA_CABBAGE,,
NATURAL,,
NATURAL_PEANUT_BUTTER,,
NATURAL_YOGURT,,
NAVEL_ORANGES,,
NAVY_BEANS,,
NECTARINES,,
NEUFCHATEL_CHEESE,,
NEUTRAL_OIL,,
NEW_POTATOES,,
NEW_YORK_STRIP_STEAKS,,
NIGELLA_SEEDS,,
NO,,
NONDAIRY_CREAMER,,
NONDAIRY_WHIPPED_TOPPING,,
NONFAT_DRY_MILK,,
NONFAT_DRY_MILK_POWDER,,
NONFAT_GREEK_YOGURT,,
NONFAT_MILK,,
NONFAT_PLAIN_GREEK_YOGURT,,
NONFAT_POWDERED_MILK,,
NONFAT_VANILLA_YOGURT,,
NONFAT_YOGURT,,
NONHYDROGENATED_MARGARINE,,
NONSTICK_SPRAY,,
NOODLES,,
NORI,,
NORI_SEAWEED,,
NOT_AVAILABLE,,
NUOC_MAM,,
NUT,,
NUT_BUTTER,,
NUTELLA,,
NUTMEG,,
NUTRITIONAL_YEAST,,
NUTRITIONAL_YEAST_FLAKES,,
NUTS,,
OAT_BRAN,,
OAT_FLOUR,,
OATMEAL,,
OATS,,
OIL,,
OILS,,
OKRA,,
OLD_BAY_SEASONING,,
OLEO,,
OLIVE,,
OLIVE_OIL,,
OLIVE_OIL_COOKING_SPRAY,,
OLIVE_OIL_FLAVORED_COOKING_SPRAY,,
OLIVE_OIL_SPRAY,,
OLIVES,,
ONION,,
ONION_FLAKES,,
ONION_POWDER,,
ONION_RINGS,,
ONION_SALT,,
ONION_SLICES,,
ONION_SOUP,,
ONION_SOUP_MIX,,
ONION_TOPS,,
ONIONS,,
ORANGE,,
ORANGE_BELL_PEPPER,,
ORANGE_BITTERS,,
ORANGE_BLOSSOM,,
ORANGE_BLOSSOM_HONEY,,
ORANGE_EXTRACT,,
ORANGE_FLOWER_WATER,,
ORANGE_JUICE,,
ORANGE_JUICE_CONCENTRATE,,
ORANGE_LIQUEUR,,
ORANGE_MARMALADE,,
ORANGE_PEEL,,
ORANGE_RIND,,
ORANGE_ROUGHY,,
ORANGE_SEGMENTS,,
ORANGE_SLICES,,
ORANGE_ZEST,,
ORANGES,,
ORECCHIETTE,,
OREGANO,,
OREGANO_LEAVES,,
OREO,,
OREOS,,
ORGANIC,,
ORGANIC_APPLE,,
ORGANIC_CHICKEN,,
ORGANIC_SUGAR,,
ORGANIC_VEGETABLE_BROTH,,
ORZO,,
ORZO_PASTA,,
OSCAR_MAYER_BACON,,
OTHER,,
OTHER_HERBS,,
OTHER_NUTS,,
OUZO,,
OXTAILS,,
OYSTER,,
OYSTER_MUSHROOMS,,
OYSTER_SAUCE,,
OYSTERS,,
PACE_PICANTE_SAUCE,,
PACKED,,
PALM,,
PALM_SUGAR,,
PAM_COOKING_SPRAY,,
PAN_DRIPPINGS,,
PANCAKE,,
PANCAKE_MIX,,
PANCETTA,,
PANEER,,
PANKO,,
PANKO_BREAD_CRUMBS,,
PANKO_BREADCRUMBS,,
PAPAYA,,
PAPAYAS,,
PAPPARDELLE,,
PAPPARDELLE_PASTA,,
PAPRIKA,,
PAPRIKA_POWDER,,
PARMA_HAM,,
PARMESAN,,
PARMESAN_CHEESE,,
PARMIGIANO,,
PARMIGIANO_REGGIANO_CHEESE,,
PARSLEY,,
PARSLEY_FLAKES,,
PARSLEY_LEAVES,,
PARSLEY_SPRIGS,,
PARSNIPS,,
PARTSKIM_MOZZARELLA,,
PARTSKIM_MOZZARELLA_CHEESE,,
PARTIALLY,,
PASILLA,,
PASILLA_CHILES,,
PASSATA,,
PASSION_FRUIT,,
PASSION_FRUIT_JUICE,,
PASTA,,
PASTA_SAUCE,,
PASTA_SHELLS,,
PASTA_WATER,,
PASTE,,
PASTEURIZED,,
PASTRAMI,,
PASTRY,,
PASTRY_DOUGH,,
PASTRY_FLOUR,,
PASTRY_SHELL,,
PEA_PODS,,
PEA_SHOOTS,,
PEACH,,
PEACH_HALVES,,
PEACH_JAM,,
PEACH_NECTAR,,
PEACH_PIE_FILLING,,
PEACH_PRESERVES,,
PEACH_PUREE,,
PEACH_SCHNAPPS,,
PEACH_SLICES,,
PEACH_YOGURT,,
PEACHES,,
PEANUT,,
PEANUT_BUTTER,,
PEANUT_BUTTER_CHIPS,,
PEANUT_OIL,,
PEANUT_SAUCE,,
PEANUTS,,
PEAR,,
PEAR_JUICE,,
PEAR_NECTAR,,
PEAR_TOMATOES,,
PEARL_BARLEY,,
PEARL_ONIONS,,
PEARL_TAPIOCA,,
PEARLED_BARLEY,,
PEARS,,
PEAS,,
PEASANT_BREAD,,
PECAN,,
PECAN_HALVES,,
PECANS,,
PECORINO_CHEESE,,
PECORINO_ROMANO_CHEESE,,
PECTIN,,
PEELED_DEVEINED_SHRIMP,,
PEELED_FRESH_GINGER,,
PEELED_PLUM_TOMATOES,,
PEELED_SHRIMP,,
PEELED_TOMATOES,,
PENNE,,
PENNE_PASTA,,
PENNE_RIGATE,,
PEPERONCINO,,
PEPITAS,,
PEPPER,,
PEPPER_CHEESE,,
PEPPER_FLAKES,,
PEPPER_JACK,,
PEPPER_POWDER,,
PEPPER_SAUCE,,
PEPPERCORN,,
PEPPERCORNS,,
PEPPERMINT,,
PEPPERMINT_EXTRACT,,
PEPPERONCINI,,
PEPPERONI,,
PEPPERONI_SLICES,,
PEPPERS,,
PERNOD,,
PERSIMMON,,
PESTO,,
PESTO_SAUCE,,
PETITE_PEAS,,
PHILADELPHIA_CREAM_CHEESE,,
PHILADELPHIA_LIGHT_CREAM_CHEESE,,
PHYLLO,,
PHYLLO_DOUGH,,
PHYLLO_PASTRY,,
PICANTE_SAUCE,,
PICKLE_JUICE,,
PICKLE_RELISH,,
PICKLED_JALAPENO_PEPPERS,,
PICKLED_JALAPENOS,,
PICKLES,,
PICKLING_LIQUID,,
PICKLING_SALT,,
PICKLING_SPICES,,
PICO_DE_GALLO,,
PIE_CRUST,,
PIE_CRUST_MIX,,
PIE_DOUGH,,
PIE_FILLING,,
PIE_PASTRY,,
PIE_SHELL,,
PIG,,
PIMENTO,,
PIMENTO_STUFFED_OLIVES,,
PIMENTON,,
PIMENTOS,,
PIMIENTO,,
PIMIENTOS,,
PINE_NUTS,,
PINEAPPLE,,
PINEAPPLE_CHUNKS,,
PINEAPPLE_JUICE,,
PINEAPPLE_PRESERVES,,
PINEAPPLE_RINGS,,
PINEAPPLE_SLICES,,
PINEAPPLES,,
PINENUTS,,
PINK,,
PINK_BEANS,,
PINK_GRAPEFRUIT,,
PINK_PEPPERCORNS,,
PINK_SALMON,,
PINOT_GRIGIO,,
PINOT_NOIR,,
PINTO_BEANS,,
PIQUILLO_PEPPERS,,
PISTACHIO,,
PISTACHIO_NUTS,,
PISTACHIOS,,
PITA_BREAD,,
PITA_BREAD_ROUNDS,,
PITA_CHIPS,,
PITAS,,
PITTED_BLACK_OLIVES,,
PITTED_CHERRIES,,
PITTED_GREEN_OLIVES,,
PITTED_KALAMATA_OLIVES,,
PITTED_OLIVES,,
PITTED_PRUNES,,
PITTED_RIPE_OLIVES,,
PIZZA_CRUST,,
PIZZA_SAUCE,,
PIZZA_SEASONING,,
PLAIN_BREADCRUMBS,,
PLAIN_CHOCOLATE,,
PLAIN_FLOUR,,
PLAIN_YOGURT,,
PLANTAINS,,
PLASTIC,,
PLUM,,
PLUM_JAM,,
PLUM_SAUCE,,
PLUM_TOMATOES,,
PLUMS,,
PLUS,,
POBLANO,,
POBLANO_CHILES,,
POBLANO_CHILIES,,
POBLANO_PEPPERS,,
POLENTA,,
POLISH_SAUSAGE,,
POMEGRANATE,,
POMEGRANATE_JUICE,,
POMEGRANATE_MOLASSES,,
POMEGRANATE_SEEDS,,
PONZU,,
POPCORN,,
POPCORN_KERNELS,,
POPPED_POPCORN,,
POPPY_SEED,,
POPPY_SEEDS,,
PORCINI,,
PORCINI_MUSHROOMS,,
PORK,,
PORK_AND_BEANS,,
PORK_BABY_BACK_RIBS,,
PORK_BELLY,,
PORK_BUTT,,
PORK_CHOPS,,
PORK_CUTLETS,,
PORK_FAT,,
PORK_LOIN,,
PORK_LOIN_CHOPS,,
PORK_RIBS,,
PORK_ROAST,,
PORK_SAUSAGE,,
PORK_SAUSAGES,,
PORK_SHOULDER,,
PORK_SHOULDER_BUTT,,
PORK_SHOULDER_ROAST,,
PORK_SPARERIBS,,
PORK_STEAKS,,
PORK_STEW_MEAT,,
PORK_STOCK,,
PORK_TENDERLOIN,,
PORRIDGE_OATS,,
PORT,,
PORT_WINE,,
PORTABELLA_MUSHROOMS,,
PORTABELLO_MUSHROOM,,
PORTERHOUSE_STEAKS,,
PORTOBELLO_CAPS,,
POT_ROAST,,
POTATO,,
POTATO_CHIPS,,
POTATO_FLAKES,,
POTATO_FLOUR,,
POTATO_GNOCCHI,,
POTATO_SOUP,,
POTATO_STARCH,,
POTATOES,,
POULTRY,,
POULTRY_SEASONING,,
POUND_CAKE,,
POWDER,,
POWDERED_GELATIN,,
POWDERED_MILK,,
POWDERED_SUGAR,,
POWER,,
PRAWN,,
PRAWNS,,
PREPARED,,
PREPARED_HORSERADISH,,
PREPARED_MUSTARD,,
PREPARED_PIZZA_CRUST,,
PRESERVED_LEMON,,
PRESERVES,,
PRETZELS,,
PRIME_RIB,,
PROCESS_CHEESE_SPREAD,,
PROCESSED_CHEESE,,
PROSCIUTTO,,
PROSECCO,,
PROTEIN,,
PROTEIN_POWDER,,
PROVOLONE_CHEESE,,
PRUNES,,
PUDDING,,
PUFF_PASTRY,,
PUFF_PASTRY_SHEETS,,
PUFFED_RICE,,
PUFFED_WHEAT,,
PULP,,
PUMPERNICKEL,,
PUMPERNICKEL_BREAD,,
PUMPKIN,,
PUMPKIN_PIE_FILLING,,
PUMPKIN_PIE_SPICE,,
PUMPKIN_PUREE,,
PUMPKIN_SEEDS,,
PURE_MAPLE_SYRUP,,
PURE_OLIVE_OIL,,
PURE_VANILLA,,
PURE_VANILLA_EXTRACT,,
PUREE,,
PUREED_PUMPKIN,,
PURPLE,,
PURPLE_ONION,,
PUY_LENTILS,,
QUAIL,,
QUAIL_EGGS,,
QUESO_BLANCO,,
QUESO_FRESCO,,
QUICK,,
QUICK_OATS,,
QUICKCOOKING_GRITS,,
QUINOA,,
QUINOA_FLOUR,,
RABBIT,,
RACK_OF_LAMB,,
RADICCHIO,,
RADICCHIO_LEAVES,,
RADISH,,
RADISHES,,
RAGU,,
RAISIN,,
RAISIN_BREAD,,
RAISINS,,
RAMEN,,
RAMEN_NOODLES,,
RANCH_DIP,,
RANCH_DRESSING,,
RANCH_SEASONING,,
RANCH_STYLE_BEANS,,
RAPESEED_OIL,,
RAS_EL_HANOUT,,
RASPBERRIES,,
RASPBERRY,,
RASPBERRY_JAM,,
RASPBERRY_JUICE,,
RASPBERRY_LIQUEUR,,
RASPBERRY_PRESERVES,,
RASPBERRY_PUREE,,
RASPBERRY_SAUCE,,
RASPBERRY_VINEGAR,,
RAVIOLI,,
RAW,,
RAW_ALMONDS,,
RAW_CANE_SUGAR,,
RAW_CASHEWS,,
RAW_HONEY,,
RAW_PUMPKIN_SEEDS,,
RAW_SUGAR,,
REAL_BACON,,
RED,,
RED_APPLES,,
RED_BEAN_PASTE,,
RED_BEANS,,
RED_BEETS,,
RED_BELL_PEPPER,,
RED_BELL_PEPPERS,,
RED_CABBAGE,,
RED_CAPSICUM,,
RED_CHILE,,
RED_CHILE_PEPPERS,,
RED_CHILI,,
RED_CHILI_PEPPER,,
RED_CHILI_PEPPERS,,
RED_CHILI_POWDER,,
RED_CHILLI,,
RED_CURRANT_JELLY,,
RED_CURRY_PASTE,,
RED_DELICIOUS_APPLES,,
RED_ENCHILADA_SAUCE,,
RED_FOOD_COLORING,,
RED_GRAPE,,
RED_GRAPEFRUIT,,
RED_KIDNEY_BEANS,,
RED_LEAF_LETTUCE,,
RED_LENTILS,,
RED_MISO,,
RED_ONION,,
RED_PEPPER,,
RED_PEPPER_FLAKES,,
RED_PEPPERS,,
RED_POTATO,,
RED_RADISHES,,
RED_RASPBERRIES,,
RED_SALMON,,
RED_SNAPPER,,
RED_WINE,,
RED_WINE_VINEGAR,,
REDUCED_FAT,,
REDUCED_FAT_CREAM_CHEESE,,
REDUCED_FAT_MAYONNAISE,,
REDUCED_SODIUM_CHICKEN_BROTH,,
REDUCED_SODIUM_SOY_SAUCE,,
REFRIED_BEANS,,
REFRIED_BLACK_BEANS,,
REFRIGERATED_BISCUITS,,
REFRIGERATED_BUTTERMILK_BISCUITS,,
REFRIGERATED_CRESCENT_ROLLS,,
REFRIGERATED_PIZZA_DOUGH,,
REGULAR_SOY_SAUCE,,
REGULAR_SUGAR,,
RELISH,,
REPOSADO,,
RHUBARB,,
RIB,,
RIB_EYE_STEAKS,,
RIB_ROAST,,
RICE,,
RICE_BLEND,,
RICE_BRAN,,
RICE_BRAN_OIL,,
RICE_CEREAL,,
RICE_FLOUR,,
RICE_KRISPIES_CEREAL,,
RICE_MILK,,
RICE_MIX,,
RICE_NOODLES,,
RICE_PAPER,,
RICE_PILAF,,
RICE_STICK_NOODLES,,
RICE_SYRUP,,
RICE_VERMICELLI,,
RICE_VINEGAR,,
RICE_WINE,,
RICE_WINE_VINEGAR,,
RICH,,
RICOTTA,,
RICOTTA_CHEESE,,
RICOTTA_SALATA,,
RIESLING,,
RIGATONI,,
RIPE_OLIVES,,
RISOTTO,,
RISOTTO_RICE,,
RITZ_CRACKERS,,
ROAST,,
ROAST_BEEF,,
ROASTED,,
ROASTED_ALMONDS,,
ROASTED_CASHEWS,,
ROASTED_CHESTNUTS,,
ROASTED_GARLIC,,
ROASTED_HAZELNUTS,,
ROASTED_PEANUTS,,
ROASTED_PEPPERS,,
ROASTED_PISTACHIOS,,
ROASTED_RED_BELL_PEPPER,,
ROASTED_RED_BELL_PEPPERS,,
ROASTED_RED_PEPPERS,,
ROASTED_SESAME_SEEDS,,
ROASTED_TOMATOES,,
ROASTED_TURKEY_BREAST,,
ROASTING_CHICKENS,,
ROCK_SALT,,
ROCK_SHRIMP,,
ROCK_SUGAR,,
ROE,,
ROLLED_OATS,,
ROLLS,,
ROMA_TOMATOES,,
ROMAINE_LETTUCE,,
ROMAINE_LETTUCE_HEARTS,,
ROMAINE_LETTUCE_LEAVES,,
ROMANO,,
ROMANO_CHEESE,,
ROOT,,
ROOT_BEER,,
ROOT_VEGETABLES,,
ROQUEFORT,,
ROQUEFORT_CHEESE,,
ROSE_PETALS,,
ROSE_WATER,,
ROSEMARY,,
ROSEMARY_LEAVES,,
ROSEMARY_SPRIGS,,
ROTEL_TOMATOES,,
ROTELLE,,
ROTINI,,
ROTINI_PASTA,,
ROTISSERIE_CHICKEN,,
ROUND_LOAF,,
ROUND_STEAKS,,
ROUNDS,,
ROUX,,
RUB,,
RUBBED_SAGE,,
RUBY_PORT,,
RUBY_RED_GRAPEFRUIT,,
RUM,,
RUM_EXTRACT,,
RUMP_ROAST,,
RUMP_STEAK,,
RUNNY_HONEY,,
RUSSET,,
RUSSET_POTATOES,,
RUTABAGA,,
RYE,,
RYE_BREAD,,
RYE_FLOUR,,
RYE_WHISKEY,,
SAFFLOWER,,
SAFFLOWER_OIL,,
SAFFRON,,
SAFFRON_THREADS,,
SAGE,,
SAGE_LEAVES,,
SAKE,,
SALAD,,
SALAD_DRESSING,,
SALAD_DRESSING_MIX,,
SALAD_GREENS,,
SALAD_LEAVES,,
SALAD_OIL,,
SALAMI,,
SALMON,,
SALMON_FILLETS,,
SALMON_STEAKS,,
SALSA,,
SALSA_VERDE,,
SALT,,
SALT_ADDED,,
SALT_AND_GROUND_BLACK_PEPPER,,
SALT_PORK,,
SALT_WATER,,
SALTED,,
SALTED_BUTTER,,
SALTED_CASHEWS,,
SALTED_PEANUTS,,
SALTED_PISTACHIOS,,
SALTINES,,
SAMBUCA,,
SAN_MARZANO_TOMATOES,,
SANDING_SUGAR,,
SANDWICH_BREAD,,
SANDWICH_BUNS,,
SANDWICH_COOKIES,,
SANDWICH_ROLLS,,
SANDWICHES,,
SANGIOVESE,,
SARDINES,,
SAUCE,,
SAUCE_MIX,,
SAUCE_TOMATO,,
SAUERKRAUT,,
SAUSAGE,,
SAUSAGE_CASINGS,,
SAUSAGE_LINKS,,
SAUSAGE_MEAT,,
SAUSAGES,,
SAUVIGNON_BLANC,,
SAVORY,,
SAVOY_CABBAGE,,
SAZON_GOYA,,
SAZON_SEASONING,,
SCALLION,,
SCALLION_GREENS,,
SCALLIONS,,
SCALLOP,,
SCALLOPS,,
SCHNAPPS,,
SCOTCH,,
SCOTCH_BONNET_CHILE,,
SEA_BASS,,
SEA_BASS_FILLETS,,
SEA_SALT,,
SEA_SALT_FLAKES,,
SEA_SCALLOPS,,
SEAFOOD,,
SEAFOOD_SEASONING,,
SEAFOOD_STOCK,,
SEASON,,
SEASONED_BREAD_CRUMBS,,
SEASONED_CHICKEN,,
SEASONED_CROUTONS,,
SEASONED_FLOUR,,
SEASONED_RICE_WINE_VINEGAR,,
SEASONED_SALT,,
SEASONING,,
SEASONING_BLEND,,
SEASONING_MIX,,
SEASONING_SALT,,
SEASONINGS,,
SEAWEED,,
SEED_OIL,,
SEEDLESS_CUCUMBER,,
SEEDLESS_RAISINS,,
SEEDLESS_RASPBERRY_JAM,,
SEEDLESS_RED_GRAPES,,
SEEDLESS_WATERMELON,,
SEEDS,,
SELF_RAISING_FLOUR,,
SELF_RISING_FLOUR,,
SELTZER,,
SELTZER_WATER,,
SEMI_SWEET_CHOCOLATE,,
SEMI_SWEET_CHOCOLATE_CHIPS,,
SEMISWEET_BAKING_CHOCOLATE,,
SEMISWEET_CHOCOLATE,,
SEMISWEET_CHOCOLATE_CHIPS,,
SEMISWEET_CHOCOLATE_CHUNKS,,
SEMISWEET_VEGAN_CHOCOLATE_CHIPS,,
SEMOLINA,,
SEMOLINA_FLOUR,,
SERRANO,,
SERRANO_CHILE,,
SERRANO_CHILIES,,
SERRANO_PEPPER,,
SERRANO_PEPPERS,,
SESAME,,
SESAME_OIL,,
SESAME_PASTE,,
SESAME_SEED,,
SESAME_SEED_OIL,,
SESAME_SEEDS,,
SHALLOT,,
SHALLOTS,,
SHANKS,,
SHAOXING,,
SHAOXING_WINE,,
SHARP_CHEDDAR_CHEESE,,
SHARP_WHITE_CHEDDAR_CHEESE,,
SHAVED_CHOCOLATE,,
SHAVED_PARMESAN_CHEESE,,
SHELL_PASTA,,
SHELLED_PISTACHIOS,,
SHELLED_PUMPKIN_SEEDS,,
SHELLFISH,,
SHELLS,,
SHERBET,,
SHERRY,,
SHERRY_VINEGAR,,
SHERRY_WINE,,
SHERRY_WINE_VINEGAR,,
SHIITAKE,,
SHIITAKE_MUSHROOM,,
SHIITAKE_MUSHROOM_CAPS,,
SHIITAKE_MUSHROOMS,,
SHIMEJI_MUSHROOMS,,
SHIRAZ,,
SHISO,,
SHISO_LEAVES,,
SHOEPEG_CORN,,
SHORT_PASTA,,
SHORT_RIB,,
SHORTBREAD,,
SHORTBREAD_COOKIES,,
SHORTCRUST_PASTRY,,
SHORTENING,,
SHOULDER_ROAST,,
SHOYU,,
SHREDDED_CABBAGE,,
SHREDDED_CARROTS,,
SHREDDED_CHEDDAR_CHEESE,,
SHREDDED_CHEESE,,
SHREDDED_LETTUCE,,
SHREDDED_MOZZARELLA_CHEESE,,
SHREDDED_SHARP_CHEDDAR_CHEESE,,
SHRIMP,,
SHRIMP_PASTE,,
SHRIMP_SHELLS,,
SHRIMP_STOCK,,
SHUCKED_OYSTERS,,
SICILIAN,,
SILKEN_TOFU,,
SILVER,,
SILVER_TEQUILA,,
SIMPLE_SYRUP,,
SINGLE_CRUST_PIE,,
SIRLOIN,,
SIRLOIN_STEAK,,
SIRLOIN_TIP,,
SKIM_MILK,,
SKIM_MILK_POWDER,,
SKIN,,
SKINLESS_CHICKEN_BREASTS,,
SKINLESS_CHICKEN_THIGHS,,
SKIRT_STEAK,,
SLAB_BACON,,
SLAW,,
SLAW_MIX,,
SLICED,,
SLICED_ALMONDS,,
SLICED_APPLES,,
SLICED_BEETS,,
SLICED_BLACK_OLIVES,,
SLICED_CARROTS,,
SLICED_CHICKEN,,
SLICED_CUCUMBER,,
SLICED_GREEN_OLIVES,,
SLICED_GREEN_ONIONS,,
SLICED_HAM,,
SLICED_LEEKS,,
SLICED_MUSHROOMS,,
SLICED_OLIVES,,
SLICED_ONION,,
SLICED_PINEAPPLE,,
SLICED_SALAMI,,
SLICED_SHALLOTS,,
SLICED_TOMATOES,,
SLICED_TURKEY,,
SLIDER_BUNS,,
SLIVERED_ALMONDS,,
SMALL_RED_POTATO,,
SMOKE,,
SMOKE_FLAVORING,,
SMOKED_BACON,,
SMOKED_CHEDDAR_CHEESE,,
SMOKED_GOUDA,,
SMOKED_HAM,,
SMOKED_HAM_HOCKS,,
SMOKED_MOZZARELLA,,
SMOKED_PAPRIKA,,
SMOKED_PORK,,
SMOKED_SALMON,,
SMOKED_SAUSAGE,,
SMOKED_SPANISH_PAPRIKA,,
SMOKED_TROUT,,
SMOKED_TURKEY,,
SMOKED_TURKEY_BREAST,,
SMOKED_TURKEY_SAUSAGE,,
SMOOTH,,
SNAPPER_FILLETS,,
SNOW_PEA_PODS,,
SNOW_PEAS,,
SOBA_NOODLES,,
SODA,,
SODA_WATER,,
SODIUM,,
SOFRITO,,
SOFT,,
SOFT_CHEESE,,
SOFT_MARGARINE,,
SOFT_TOFU,,
SOFTENED_BUTTER,,
SOLE,,
SOLID_PACK_PUMPKIN,,
SOLID_WHITE_TUNA,,
SOMEN,,
SORBET,,
SORGHUM,,
SORGHUM_FLOUR,,
SOUP,,
SOUP_MIX,,
SOUR_CHERRIES,,
SOUR_CREAM,,
SOUR_MILK,,
SOUR_MIX,,
SOURDOUGH,,
SOURDOUGH_BREAD,,
SOURDOUGH_STARTER,,
SOUTHERN_COMFORT,,
SOY,,
SOY_FLOUR,,
SOY_MILK,,
SOY_PROTEIN,,
SOY_SAUCE,,
SOY_YOGURT,,
SOYA,,
SOYBEAN,,
SOYBEAN_PASTE,,
SOYBEANS,,
SOYMILK,,
SPAGHETTI,,
SPAGHETTI_SQUASH,,
SPAGHETTINI,,
SPAM,,
SPANISH_CHORIZO,,
SPANISH_OLIVES,,
SPANISH_ONION,,
SPANISH_PAPRIKA,,
SPANISH_SMOKED_PAPRIKA,,
SPARERIBS,,
SPARKLING_WINE,,
SPEARMINT,,
SPELT,,
SPELT_FLOUR,,
SPICE,,
SPICE_BLEND,,
SPICE_CAKE_MIX,,
SPICE_MIX,,
SPICED_RUM,,
SPICES,,
SPICY_BROWN_MUSTARD,,
SPICY_PORK_SAUSAGE,,
SPICY_SAUSAGE,,
SPINACH,,
SPINACH_LEAVES,,
SPLENDA,,
SPLENDA_BROWN_SUGAR_BLEND,,
SPLENDA_GRANULAR,,
SPLIT_PEAS,,
SPONGE,,
SPONGE_CAKE,,
SPRIG,,
SPRING,,
SPRING_GREENS,,
SPRING_ONIONS,,
SPRING_ROLL_WRAPPERS,,
SPRING_WATER,,
SPRINKLES,,
SPRITE,,
SPROUTS,,
SQUASH,,
SQUID,,
SQUIRT,,
SRIRACHA,,
ST,,
STAR_ANISE,,
STARCH,,
STEAK,,
STEAK_SAUCE,,
STEAK_SEASONING,,
STEAKS,,
STEAMED_RICE,,
STEAMER,,
STEEL_CUT_OATS,,
STEVIA,,
STEW,,
STEW_MEAT,,
STEWED_TOMATOES,,
STEWING_BEEF,,
STICK_BUTTER,,
STICKY_RICE,,
STILTON,,
STILTON_CHEESE,,
STOCK,,
STONE_GROUND_MUSTARD,,
STOUT,,
STRAW_MUSHROOMS,,
STRAWBERRIES,,
STRAWBERRY,,
STRAWBERRY_FLAVOR,,
STRAWBERRY_GELATIN,,
STRAWBERRY_JAM,,
STRAWBERRY_PRESERVES,,
STRAWBERRY_YOGURT,,
STREAKY_BACON,,
STRING_BEANS,,
STRING_CHEESE,,
STRIP_STEAKS,,
STRIPED_BASS,,
STRONG_WHITE_BREAD_FLOUR,,
STUFFING,,
STUFFING_MIX,,
SUB_ROLLS,,
SUCANAT,,
SUET,,
SUGAR,,
SUGAR_BROWN_SUGAR,,
SUGAR_COOKIE_DOUGH,,
SUGAR_COOKIE_MIX,,
SUGAR_CUBES,,
SUGAR_IN_THE_RAW,,
SUGAR_PEA,,
SUGAR_PUMPKIN,,
SUGAR_SUBSTITUTE,,
SUGAR_SYRUP,,
SULTANA,,
SULTANAS,,
SUMAC,,
SUMMER_SAVORY,,
SUMMER_SQUASH,,
SUN_DRIED_TOMATOES,,
SUNDAE_SYRUP,,
SUNDRIED_TOMATO,,
SUNDRIED_TOMATOES,,
SUNFLOWER,,
SUNFLOWER_KERNELS,,
SUNFLOWER_OIL,,
SUNFLOWER_SEED,,
SUNFLOWER_SEEDS,,
SUPERFINE_SUGAR,,
SUSHI_RICE,,
SWANSON_CHICKEN_BROTH,,
SWEDE,,
SWEET_AND_SOUR_SAUCE,,
SWEET_BASIL,,
SWEET_BASIL_LEAVES,,
SWEET_BUTTER,,
SWEET_CHERRIES,,
SWEET_CHILI_SAUCE,,
SWEET_CHOCOLATE,,
SWEET_CORN,,
SWEET_CORN_KERNELS,,
SWEET_CREAM,,
SWEET_CREAM_BUTTER,,
SWEET_ITALIAN_SAUSAGE,,
SWEET_ONION,,
SWEET_PAPRIKA,,
SWEET_PEAS,,
SWEET_PEPPER,,
SWEET_PEPPERS,,
SWEET_PICKLE,,
SWEET_PICKLE_RELISH,,
SWEET_PICKLES,,
SWEET_POTATO,,
SWEET_POTATOES,,
SWEET_RED_PEPPERS,,
SWEET_RELISH,,
SWEET_RICE,,
SWEET_RICE_FLOUR,,
SWEET_RICE_WINE,,
SWEET_SHERRY,,
SWEET_SOY,,
SWEET_SOY_SAUCE,,
SWEET_VERMOUTH,,
SWEET_WHITE_WINE,,
SWEETCORN,,
SWEETENED,,
SWEETENED_COCONUT,,
SWEETENED_COCONUT_FLAKES,,
SWEETENED_CONDENSED_MILK,,
SWEETENED_DRIED_CRANBERRIES,,
SWEETENER,,
SWISS,,
SWISS_CHARD,,
SWISS_CHEESE,,
SWORDFISH,,
SWORDFISH_STEAKS,,
SYRUP,,
SZECHWAN_PEPPERCORNS,,
TABASCO_PEPPER_SAUCE,,
TABLE_CREAM,,
TABLE_SALT,,
TACO_BELL_TACO_SEASONING_MIX,,
TACO_SAUCE,,
TACO_SEASONING,,
TACO_SEASONING_MIX,,
TACO_SHELLS,,
TAGLIATELLE,,
TAHINI,,
TAHINI_PASTE,,
TALEGGIO,,
TAMARI_SOY_SAUCE,,
TAMARIND,,
TAMARIND_CONCENTRATE,,
TAMARIND_JUICE,,
TAMARIND_PASTE,,
TAMARIND_PULP,,
TANGERINE,,
TANGERINE_JUICE,,
TANGERINE_ZEST,,
TAP_WATER,,
TAPENADE,,
TAPIOCA,,
TAPIOCA_FLOUR,,
TAPIOCA_STARCH,,
TARRAGON,,
TARRAGON_LEAVES,,
TARRAGON_SPRIGS,,
TARRAGON_VINEGAR,,
TART,,
TART_APPLES,,
TART_CHERRIES,,
TART_SHELLS,,
TARTAR_SAUCE,,
TASSO,,
TATER_TOTS,,
TAWNY_PORT,,
TEA,,
TEA_BAGS,,
TEA_LEAVES,,
TEA_POWDER,,
TEMPEH,,
TEMPERATURE,,
TEMPURA_BATTER,,
TENDERLOIN,,
TENDERLOIN_STEAKS,,
TENTACLES,,
TEQUILA,,
TERIYAKI_MARINADE,,
TERIYAKI_SAUCE,,
THAI_BASIL,,
THAI_CHILE,,
THAI_CHILI_PASTE,,
THAI_FISH_SAUCE,,
THAI_GREEN_CURRY_PASTE,,
THAI_RED_CURRY_PASTE,,
THICKCUT_BACON,,
THIN_SPAGHETTI,,
THOUSAND_ISLAND_DRESSING,,
THYME,,
THYME_LEAVES,,
THYME_SPRIG,,
THYME_SPRIGS,,
TILAPIA,,
TILAPIA_FILLETS,,
TOAST,,
TOAST_POINTS,,
TOASTED,,
TOASTED_ALMONDS,,
TOASTED_BAGUETTE,,
TOASTED_COCONUT,,
TOASTED_PECANS,,
TOASTED_PINE_NUTS,,
TOASTED_SESAME_OIL,,
TOASTED_SESAME_SEEDS,,
TOASTED_SLIVERED_ALMONDS,,
TOASTED_WALNUTS,,
TOASTED_WHEAT_GERM,,
TOFFEE_BITS,,
TOFU,,
TOGARASHI,,
TOMATILLO,,
TOMATILLO_SALSA,,
TOMATILLOS,,
TOMATO,,
TOMATO_JUICE,,
TOMATO_KETCHUP,,
TOMATO_PASTE,,
TOMATO_PUREE,,
TOMATO_SALSA,,
TOMATO_SAUCE,,
TOMATO_SOUP,,
TOMATOES,,
TOMATOES_WITH_JUICE,,
TONIC_WATER,,
TOP_ROUND_STEAK,,
TOP_SIRLOIN,,
TOP_SIRLOIN_STEAK,,
TOPPING,,
TORTELLINI,,
TORTILLA_CHIPS,,
TORTILLA_SHELLS,,
TORTILLA_WRAPS,,
TORTILLAS,,
TOSTADA_SHELLS,,
TOSTADAS,,
TOSTITOS,,
TRANS_FAT,,
TREACLE,,
TRIPLE_SEC,,
TROUT,,
TRUFFLE_OIL,,
TRUFFLES,,
TUMERIC,,
TUNA,,
TUNA_DRAINED_AND_FLAKED,,
TUNA_FISH,,
TUNA_PACKED_IN_OLIVE_OIL,,
TUNA_PACKED_IN_WATER,,
TUNA_STEAKS,,
TURBINADO,,
TURBINADO_SUGAR,,
TURKEY,,
TURKEY_BACON,,
TURKEY_BREAST,,
TURKEY_BROTH,,
TURKEY_CARCASS,,
TURKEY_GRAVY,,
TURKEY_KIELBASA,,
TURKEY_LEGS,,
TURKEY_MEAT,,
TURKEY_SAUSAGE,,
TURKEY_STOCK,,
TURKISH,,
TURKISH_BAY_LEAVES,,
TURMERIC,,
TURMERIC_POWDER,,
TURNIP_GREENS,,
TURNIPS,,
TWISTS,,
UDON,,
UMEBOSHI,,
UNBAKED_PIE_CRUSTS,,
UNBAKED_PIE_SHELLS,,
UNBLEACHED,,
UNBLEACHED_CANE_SUGAR,,
UNBLEACHED_FLOUR,,
UNBLEACHED_WHITE_FLOUR,,
UNCLE_BENS,,
UNFLAVORED_GELATIN,,
UNREFINED,,
UNSALTED_ALMONDS,,
UNSALTED_BUTTER,,
UNSALTED_CASHEWS,,
UNSALTED_CHICKEN_STOCK,,
UNSALTED_MARGARINE,,
UNSALTED_PISTACHIOS,,
UNSULFURED_MOLASSES,,
UNSULPHURED_MOLASSES,,
UNSWEETENED,,
UNSWEETENED_ALMOND_MILK,,
UNSWEETENED_APPLE_JUICE,,
UNSWEETENED_APPLESAUCE,,
UNSWEETENED_BAKING_CHOCOLATE,,
UNSWEETENED_CHOCOLATE,,
UNSWEETENED_COCOA_POWDER,,
UNSWEETENED_COCONUT,,
UNSWEETENED_COCONUT_FLAKES,,
UNSWEETENED_COCONUT_MILK,,
UNSWEETENED_DRIED_COCONUT,,
UNSWEETENED_PINEAPPLE_JUICE,,
UNSWEETENED_SOYMILK,,
UNSWEETENED_VANILLA_ALMOND_MILK,,
URAD_DAL,,
USUKUCHI_SOY_SAUCE,,
VANILLA,,
VANILLA_BEAN,,
VANILLA_BEAN_ICE_CREAM,,
VANILLA_BEAN_PASTE,,
VANILLA_BEAN_SEEDS,,
VANILLA_BEANS,,
VANILLA_CAKE_MIX,,
VANILLA_ESSENCE,,
VANILLA_EXTRACT,,
VANILLA_FLAVOR,,
VANILLA_FLAVORING,,
VANILLA_FROSTING,,
VANILLA_FROZEN_YOGURT,,
VANILLA_ICE_CREAM,,
VANILLA_INSTANT_PUDDING,,
VANILLA_LOWFAT_YOGURT,,
VANILLA_POD,,
VANILLA_PUDDING,,
VANILLA_SOY_MILK,,
VANILLA_SUGAR,,
VANILLA_VODKA,,
VANILLA_WAFER_CRUMBS,,
VANILLA_WAFERS,,
VANILLA_YOGURT,,
VEAL,,
VEAL_CHOPS,,
VEAL_CUTLETS,,
VEAL_LOIN,,
VEAL_SHANKS,,
VEAL_SHOULDER,,
VEAL_STOCK,,
VEGAN,,
VEGAN_BUTTER,,
VEGAN_CHOCOLATE_CHIPS,,
VEGAN_MARGARINE,,
VEGAN_MAYONNAISE,,
VEGETABLE,,
VEGETABLE_BOUILLON,,
VEGETABLE_BROTH,,
VEGETABLE_JUICE,,
VEGETABLE_OIL,,
VEGETABLE_OIL_COOKING_SPRAY,,
VEGETABLE_OIL_SPRAY,,
VEGETABLE_SHORTENING,,
VEGETABLE_SOUP,,
VEGETABLE_STOCK,,
VEGETABLE_STOCK_POWDER,,
VEGETABLES,,
VEGETARIAN,,
VEGETARIAN_CHICKEN,,
VEGGIES,,
VELVEETA,,
VENISON,,
VERMICELLI,,
VERMOUTH,,
VIDALIA,,
VIDALIA_ONION,,
VIDALIA_ONIONS,,
VIETNAMESE_FISH_SAUCE,,
VINAIGRETTE,,
VINAIGRETTE_DRESSING,,
VINE_RIPENED_TOMATOES,,
VINEGAR,,
VIRGIN_COCONUT_OIL,,
VIRGIN_OLIVE_OIL,,
VITAL_WHEAT_GLUTEN,,
VODKA,,
WAFER,,
WAFER_COOKIES,,
WAFFLE,,
WALNUT,,
WALNUT_HALVES,,
WALNUT_OIL,,
WALNUTS,,
WARM_WATER,,
WASABI,,
WASABI_PASTE,,
WASABI_POWDER,,
WATER,,
WATER_CHESTNUTS,,
WATERCRESS,,
WATERCRESS_LEAVES,,
WATERMELON,,
WAX,,
WAX_BEANS,,
WAXY_POTATOES,,
WHEAT,,
WHEAT_BERRIES,,
WHEAT_BRAN,,
WHEAT_BREAD,,
WHEAT_CEREAL,,
WHEAT_CRACKERS,,
WHEAT_FLOUR,,
WHEAT_GERM,,
WHEAT_GLUTEN,,
WHEY_PROTEIN,,
WHIPPED_CREAM,,
WHIPPED_CREAM_CHEESE,,
WHIPPED_DESSERT_TOPPING,,
WHIPPED_TOPPING,,
WHIPPING_CREAM,,
WHISKEY,,
WHISKY,,
WHITE,,
WHITE_ASPARAGUS,,
WHITE_BEANS,,
WHITE_BREAD,,
WHITE_BREAD_FLOUR,,
WHITE_BREAD_SLICES,,
WHITE_BUTTON_MUSHROOMS,,
WHITE_CABBAGE,,
WHITE_CAKE_MIX,,
WHITE_CHEDDAR_CHEESE,,
WHITE_CHEESE,,
WHITE_CHOCOLATE,,
WHITE_CHOCOLATE_CHIPS,,
WHITE_CORN,,
WHITE_CORN_SYRUP,,
WHITE_CORNMEAL,,
WHITE_CREME_DE_CACAO,,
WHITE_DISTILLED_VINEGAR,,
WHITE_FLOUR,,
WHITE_GRANULATED_SUGAR,,
WHITE_GRAPE_JUICE,,
WHITE_HOMINY,,
WHITE_KIDNEY,,
WHITE_KIDNEY_BEANS,,
WHITE_MISO,,
WHITE_MUSHROOMS,,
WHITE_ONION,,
WHITE_ONIONS,,
WHITE_PEPPER,,
WHITE_PEPPERCORNS,,
WHITE_RICE,,
WHITE_RICE_FLOUR,,
WHITE_RICE_VINEGAR,,
WHITE_RUM,,
WHITE_SANDWICH_BREAD,,
WHITE_SESAME_SEEDS,,
WHITE_SUGAR,,
WHITE_TEQUILA,,
WHITE_TRUFFLE,,
WHITE_TRUFFLE_OIL,,
WHITE_TUNA,,
WHITE_VERMOUTH,,
WHITE_VINEGAR,,
WHITE_WINE,,
WHITE_WINE_VINEGAR,,
WHITEFISH,,
WHITING,,
WHOLE,,
WHOLE_MILK,,
WHOLE_WHEAT,,
WHOLE_WHEAT_FLOUR,,
WHOLEGRAIN_MUSTARD,,
WHOLEMEAL,,
WHOLEWHEAT,,
WHOLEWHEAT_FLOUR,,
WIDE_EGG_NOODLES,,
WIENERS,,
WILD,,
WILD_MUSHROOMS,,
WILD_RICE,,
WILD_SALMON,,
WINE,,
WINE_VINEGAR,,
WING_SAUCE,,
WINTER_SQUASH,,
WITH_SKIN,,
WON_TON_WRAPPERS,,
WONDRA,,
WONDRA_FLOUR,,
WONTON_SKINS,,
WONTON_WRAPPERS,,
WORCESTERSHIRE_SAUCE,,
WORCHESTERSHIRE_SAUCE,,
XANTHAN,,
XANTHAN_GUM,,
YAMS,,
YEAST,,
YEAST_PACKET,,
YELLOW,,
YELLOW_BELL_PEPPER,,
YELLOW_BELL_PEPPERS,,
YELLOW_CAKE_MIX,,
YELLOW_CORN,,
YELLOW_CORN_MEAL,,
YELLOW_CORNMEAL,,
YELLOW_FOOD_COLORING,,
YELLOW_MISO,,
YELLOW_MUSTARD,,
YELLOW_MUSTARD_SEEDS,,
YELLOW_ONION,,
YELLOW_ONIONS,,
YELLOW_PEPPER,,
YELLOW_PEPPERS,,
YELLOW_RICE,,
YELLOW_SPLIT_PEAS,,
YELLOW_SQUASH,,
YELLOW_SUMMER_SQUASH,,
YELLOWTAIL,,
YOGHURT,,
YOGURT,,
YOGURT_CHEESE,,
YOLK,,
YUKON_GOLD,,
YUKON_GOLD_POTATOES,,
YUZU,,
YUZU_JUICE,,
ZEST,,
ZESTY_ITALIAN_DRESSING,,
ZINFANDEL,,
ZITI,,
ZUCCHINI,,
